,City,Country,lng,lat,Temp,Humidity,Cloudiness,Wind Speed,URL
0,coruripe,br,-34.94692144841537,-11.26506805102757,80.71,97,80,11.65,"http://api.openweathermap.org/data/2.5/weather?units=Imperial&appid=b7f5676635f18ef33d91fd505a223312&q=coruripe,br"
1,jutai,br,-69.96948652076539,-5.492059159871346,73.33,100,92,1.7,"http://api.openweathermap.org/data/2.5/weather?units=Imperial&appid=b7f5676635f18ef33d91fd505a223312&q=jutai,br"
2,busselton,au,83.85668132960205,-74.16415194496376,68.2,100,0,11.43,"http://api.openweathermap.org/data/2.5/weather?units=Imperial&appid=b7f5676635f18ef33d91fd505a223312&q=busselton,au"
3,new norfolk,au,138.5745196048531,-57.10790049751154,64.4,48,75,17.22,"http://api.openweathermap.org/data/2.5/weather?units=Imperial&appid=b7f5676635f18ef33d91fd505a223312&q=new norfolk,au"
4,taolanaro,mg,61.88382969512085,-81.69836481296635,No Data Avaiable,No Data Avaiable,No Data Avaiable,No Data Avaiable,No Data Avaiable
5,dawei,mm,95.76489890904946,12.871990987613898,83.5,75,56,2.26,"http://api.openweathermap.org/data/2.5/weather?units=Imperial&appid=b7f5676635f18ef33d91fd505a223312&q=dawei,mm"
6,port elizabeth,za,29.73748087311307,-71.32609389959704,66.2,93,75,11.41,"http://api.openweathermap.org/data/2.5/weather?units=Imperial&appid=b7f5676635f18ef33d91fd505a223312&q=port elizabeth,za"
7,busselton,au,113.5069978304478,-36.30889989204935,68.2,100,0,11.43,"http://api.openweathermap.org/data/2.5/weather?units=Imperial&appid=b7f5676635f18ef33d91fd505a223312&q=busselton,au"
8,kawhia,nz,174.7929809408128,-38.10930758205347,67.93,87,0,14.45,"http://api.openweathermap.org/data/2.5/weather?units=Imperial&appid=b7f5676635f18ef33d91fd505a223312&q=kawhia,nz"
9,kaitangata,nz,173.03159248416836,-64.56279876013643,64.78,52,0,21.72,"http://api.openweathermap.org/data/2.5/weather?units=Imperial&appid=b7f5676635f18ef33d91fd505a223312&q=kaitangata,nz"
10,east london,za,47.7251704689896,-55.29897371918918,70.72,100,56,5.73,"http://api.openweathermap.org/data/2.5/weather?units=Imperial&appid=b7f5676635f18ef33d91fd505a223312&q=east london,za"
11,victoria,sc,54.01342580120718,1.362233242827827,80.6,78,0,3.36,"http://api.openweathermap.org/data/2.5/weather?units=Imperial&appid=b7f5676635f18ef33d91fd505a223312&q=victoria,sc"
12,vaini,to,-175.97492778480404,-28.420131922793665,86,74,40,24.16,"http://api.openweathermap.org/data/2.5/weather?units=Imperial&appid=b7f5676635f18ef33d91fd505a223312&q=vaini,to"
13,rikitea,pf,-134.77063908790984,-65.69958596047174,76.3,100,56,9.75,"http://api.openweathermap.org/data/2.5/weather?units=Imperial&appid=b7f5676635f18ef33d91fd505a223312&q=rikitea,pf"
14,victoria,sc,50.86236091152878,-4.0388044201917666,80.6,78,0,3.36,"http://api.openweathermap.org/data/2.5/weather?units=Imperial&appid=b7f5676635f18ef33d91fd505a223312&q=victoria,sc"
15,jamestown,sh,-14.857926452872022,-38.50242032304715,73.78,100,88,10.2,"http://api.openweathermap.org/data/2.5/weather?units=Imperial&appid=b7f5676635f18ef33d91fd505a223312&q=jamestown,sh"
16,hithadhoo,mv,81.73931194989393,-3.8590007594263085,84.13,100,100,6.73,"http://api.openweathermap.org/data/2.5/weather?units=Imperial&appid=b7f5676635f18ef33d91fd505a223312&q=hithadhoo,mv"
17,chapais,ca,-75.31831963011723,54.471553861291795,8.6,84,90,16.11,"http://api.openweathermap.org/data/2.5/weather?units=Imperial&appid=b7f5676635f18ef33d91fd505a223312&q=chapais,ca"
18,rikitea,pf,-117.66848150013374,-37.43557131264571,76.3,100,56,9.75,"http://api.openweathermap.org/data/2.5/weather?units=Imperial&appid=b7f5676635f18ef33d91fd505a223312&q=rikitea,pf"
19,ushuaia,ar,-15.101297136363996,-88.29536500205965,41,86,40,3.36,"http://api.openweathermap.org/data/2.5/weather?units=Imperial&appid=b7f5676635f18ef33d91fd505a223312&q=ushuaia,ar"
20,ushuaia,ar,-24.830372406718368,-78.22796637742134,41,86,40,3.36,"http://api.openweathermap.org/data/2.5/weather?units=Imperial&appid=b7f5676635f18ef33d91fd505a223312&q=ushuaia,ar"
21,nizwa,om,55.98605644771277,20.63348723036411,62.44,43,0,2.37,"http://api.openweathermap.org/data/2.5/weather?units=Imperial&appid=b7f5676635f18ef33d91fd505a223312&q=nizwa,om"
22,haines junction,ca,-140.28409081429865,63.70445028006432,14.92,78,8,1.7,"http://api.openweathermap.org/data/2.5/weather?units=Imperial&appid=b7f5676635f18ef33d91fd505a223312&q=haines junction,ca"
23,yellowknife,ca,-106.49827496156388,70.22146397684111,14,43,20,14.99,"http://api.openweathermap.org/data/2.5/weather?units=Imperial&appid=b7f5676635f18ef33d91fd505a223312&q=yellowknife,ca"
24,hermanus,za,-11.745666552515871,-89.23939108392406,59.38,100,64,2.82,"http://api.openweathermap.org/data/2.5/weather?units=Imperial&appid=b7f5676635f18ef33d91fd505a223312&q=hermanus,za"
25,ihiala,ng,6.576930381797013,5.7417581543750345,76.39,98,24,8.63,"http://api.openweathermap.org/data/2.5/weather?units=Imperial&appid=b7f5676635f18ef33d91fd505a223312&q=ihiala,ng"
26,ayagoz,kz,80.19028283542866,47.03918249599735,35.08,57,0,15.46,"http://api.openweathermap.org/data/2.5/weather?units=Imperial&appid=b7f5676635f18ef33d91fd505a223312&q=ayagoz,kz"
27,vaini,to,-168.89739084303915,-39.23357867381759,86,74,40,24.16,"http://api.openweathermap.org/data/2.5/weather?units=Imperial&appid=b7f5676635f18ef33d91fd505a223312&q=vaini,to"
28,albany,au,112.83091654922328,-47.889551251106965,68.38,72,0,9.98,"http://api.openweathermap.org/data/2.5/weather?units=Imperial&appid=b7f5676635f18ef33d91fd505a223312&q=albany,au"
29,erenhot,cn,111.0118313217871,43.36886218409251,35.71,65,92,26.75,"http://api.openweathermap.org/data/2.5/weather?units=Imperial&appid=b7f5676635f18ef33d91fd505a223312&q=erenhot,cn"
30,rutana,bi,30.113610480834012,-3.8766452181377105,57.76,96,88,3.38,"http://api.openweathermap.org/data/2.5/weather?units=Imperial&appid=b7f5676635f18ef33d91fd505a223312&q=rutana,bi"
31,umzimvubu,za,35.678981515973106,-39.60988499698423,No Data Avaiable,No Data Avaiable,No Data Avaiable,No Data Avaiable,No Data Avaiable
32,thompson,ca,-95.36358702472292,54.766622874106474,12.2,56,75,6.93,"http://api.openweathermap.org/data/2.5/weather?units=Imperial&appid=b7f5676635f18ef33d91fd505a223312&q=thompson,ca"
33,santa pola,es,0.027885361595224367,37.82622848117522,55.4,54,0,3.36,"http://api.openweathermap.org/data/2.5/weather?units=Imperial&appid=b7f5676635f18ef33d91fd505a223312&q=santa pola,es"
34,rogers,us,-93.75565074674175,36.60946139446756,46.09,33,1,3.36,"http://api.openweathermap.org/data/2.5/weather?units=Imperial&appid=b7f5676635f18ef33d91fd505a223312&q=rogers,us"
35,kodiak,us,-146.8142480376593,48.46291131089686,37.4,51,1,5.82,"http://api.openweathermap.org/data/2.5/weather?units=Imperial&appid=b7f5676635f18ef33d91fd505a223312&q=kodiak,us"
36,windhoek,na,17.804771864379433,-22.148767474192354,57,87,0,2.24,"http://api.openweathermap.org/data/2.5/weather?units=Imperial&appid=b7f5676635f18ef33d91fd505a223312&q=windhoek,na"
37,codrington,ag,-49.42371169772116,25.161212619562363,No Data Avaiable,No Data Avaiable,No Data Avaiable,No Data Avaiable,No Data Avaiable
38,talnakh,ru,93.10782255203372,72.20787388498482,11.59,86,76,23.17,"http://api.openweathermap.org/data/2.5/weather?units=Imperial&appid=b7f5676635f18ef33d91fd505a223312&q=talnakh,ru"
39,carnarvon,au,85.95865360015506,-29.57520574629097,86.83,64,0,13.11,"http://api.openweathermap.org/data/2.5/weather?units=Imperial&appid=b7f5676635f18ef33d91fd505a223312&q=carnarvon,au"
40,souillac,mu,60.650080204987034,-28.924740384041655,71.6,100,75,13.22,"http://api.openweathermap.org/data/2.5/weather?units=Imperial&appid=b7f5676635f18ef33d91fd505a223312&q=souillac,mu"
41,punta arenas,cl,-85.30386933254424,-69.70047873391935,35.6,93,90,19.46,"http://api.openweathermap.org/data/2.5/weather?units=Imperial&appid=b7f5676635f18ef33d91fd505a223312&q=punta arenas,cl"
42,barrow,us,-158.47383314122087,88.54173191277093,34.66,68,1,4.7,"http://api.openweathermap.org/data/2.5/weather?units=Imperial&appid=b7f5676635f18ef33d91fd505a223312&q=barrow,us"
43,xichang,cn,100.32199517558416,29.012677324011847,66.76,32,0,2.04,"http://api.openweathermap.org/data/2.5/weather?units=Imperial&appid=b7f5676635f18ef33d91fd505a223312&q=xichang,cn"
44,semey,kz,77.98110265539896,49.58656969104791,29.41,68,0,6.17,"http://api.openweathermap.org/data/2.5/weather?units=Imperial&appid=b7f5676635f18ef33d91fd505a223312&q=semey,kz"
45,albany,au,115.71900321264707,-62.84666978131352,68.38,72,0,9.98,"http://api.openweathermap.org/data/2.5/weather?units=Imperial&appid=b7f5676635f18ef33d91fd505a223312&q=albany,au"
46,coihaique,cl,-76.82972197707045,-46.936606246809944,37.4,86,90,3.36,"http://api.openweathermap.org/data/2.5/weather?units=Imperial&appid=b7f5676635f18ef33d91fd505a223312&q=coihaique,cl"
47,dongsheng,cn,108.59753694067336,40.23737383353375,47.23,100,100,22.62,"http://api.openweathermap.org/data/2.5/weather?units=Imperial&appid=b7f5676635f18ef33d91fd505a223312&q=dongsheng,cn"
48,jamestown,sh,-3.9381691701049704,-8.668288938627398,73.78,100,88,10.2,"http://api.openweathermap.org/data/2.5/weather?units=Imperial&appid=b7f5676635f18ef33d91fd505a223312&q=jamestown,sh"
49,tiksi,ru,132.38966979764024,79.24736740917388,8.44,88,64,5.61,"http://api.openweathermap.org/data/2.5/weather?units=Imperial&appid=b7f5676635f18ef33d91fd505a223312&q=tiksi,ru"
50,north platte,us,-101.6076651388214,42.31813835069886,53.6,25,1,10.29,"http://api.openweathermap.org/data/2.5/weather?units=Imperial&appid=b7f5676635f18ef33d91fd505a223312&q=north platte,us"
51,rikitea,pf,-126.76636080881195,-40.49301872566643,76.3,100,56,9.75,"http://api.openweathermap.org/data/2.5/weather?units=Imperial&appid=b7f5676635f18ef33d91fd505a223312&q=rikitea,pf"
52,sentyabrskiy,ru,160.22241520951076,31.013361174814847,No Data Avaiable,No Data Avaiable,No Data Avaiable,No Data Avaiable,No Data Avaiable
53,busselton,au,82.9787558995485,-80.65677788648908,68.2,100,0,11.43,"http://api.openweathermap.org/data/2.5/weather?units=Imperial&appid=b7f5676635f18ef33d91fd505a223312&q=busselton,au"
54,butaritari,ki,164.80942456491448,8.047226878896012,77.38,100,88,2.93,"http://api.openweathermap.org/data/2.5/weather?units=Imperial&appid=b7f5676635f18ef33d91fd505a223312&q=butaritari,ki"
55,georgetown,sh,-11.72600337840035,-5.289765108428114,80.53,100,0,12.77,"http://api.openweathermap.org/data/2.5/weather?units=Imperial&appid=b7f5676635f18ef33d91fd505a223312&q=georgetown,sh"
56,mataura,pf,-161.15276957523974,-81.31023863044646,No Data Avaiable,No Data Avaiable,No Data Avaiable,No Data Avaiable,No Data Avaiable
57,asau,tv,176.46796184343873,-12.669800200776663,No Data Avaiable,No Data Avaiable,No Data Avaiable,No Data Avaiable,No Data Avaiable
58,bayangol,ru,104.19572492612053,50.6750824840403,9.79,57,36,4.94,"http://api.openweathermap.org/data/2.5/weather?units=Imperial&appid=b7f5676635f18ef33d91fd505a223312&q=bayangol,ru"
59,ponta do sol,cv,-28.96774078081765,20.90418788740473,68.2,100,8,15.01,"http://api.openweathermap.org/data/2.5/weather?units=Imperial&appid=b7f5676635f18ef33d91fd505a223312&q=ponta do sol,cv"
60,tonstad,no,6.559966938129776,59.06552772847988,39.2,93,75,5.82,"http://api.openweathermap.org/data/2.5/weather?units=Imperial&appid=b7f5676635f18ef33d91fd505a223312&q=tonstad,no"
61,rikitea,pf,-142.04029057741735,-32.29576626542151,76.3,100,56,9.75,"http://api.openweathermap.org/data/2.5/weather?units=Imperial&appid=b7f5676635f18ef33d91fd505a223312&q=rikitea,pf"
62,mys shmidta,ru,-179.28579519153928,87.11276067542514,No Data Avaiable,No Data Avaiable,No Data Avaiable,No Data Avaiable,No Data Avaiable
63,corinto,ni,-88.36204322535036,11.643200330672201,79.27,76,76,2.59,"http://api.openweathermap.org/data/2.5/weather?units=Imperial&appid=b7f5676635f18ef33d91fd505a223312&q=corinto,ni"
64,buraydah,sa,41.36943895152845,24.91384002303488,64.4,100,44,3.36,"http://api.openweathermap.org/data/2.5/weather?units=Imperial&appid=b7f5676635f18ef33d91fd505a223312&q=buraydah,sa"
65,ancud,cl,-100.50060778780129,-42.625576637043146,52.54,66,92,14,"http://api.openweathermap.org/data/2.5/weather?units=Imperial&appid=b7f5676635f18ef33d91fd505a223312&q=ancud,cl"
66,saharsa,in,86.47164978555753,25.86275132422817,77.56,67,0,10.54,"http://api.openweathermap.org/data/2.5/weather?units=Imperial&appid=b7f5676635f18ef33d91fd505a223312&q=saharsa,in"
67,ponta do sol,cv,-28.137074827705305,23.567141446004527,68.2,100,8,15.01,"http://api.openweathermap.org/data/2.5/weather?units=Imperial&appid=b7f5676635f18ef33d91fd505a223312&q=ponta do sol,cv"
68,portland,au,131.19720281225847,-55.17382581166447,71.89,65,0,2.82,"http://api.openweathermap.org/data/2.5/weather?units=Imperial&appid=b7f5676635f18ef33d91fd505a223312&q=portland,au"
69,kapaa,us,-161.45725103391345,33.46145726472582,81.25,74,75,20.8,"http://api.openweathermap.org/data/2.5/weather?units=Imperial&appid=b7f5676635f18ef33d91fd505a223312&q=kapaa,us"
70,ginir,et,41.924182776915046,7.449707083042455,52.63,84,8,2.71,"http://api.openweathermap.org/data/2.5/weather?units=Imperial&appid=b7f5676635f18ef33d91fd505a223312&q=ginir,et"
71,busselton,au,96.63542667462485,-41.18581752322798,68.2,100,0,11.43,"http://api.openweathermap.org/data/2.5/weather?units=Imperial&appid=b7f5676635f18ef33d91fd505a223312&q=busselton,au"
72,bethel,us,-162.52151388185752,47.438693330900236,21.2,67,20,21.92,"http://api.openweathermap.org/data/2.5/weather?units=Imperial&appid=b7f5676635f18ef33d91fd505a223312&q=bethel,us"
73,buala,sb,161.51483949508474,-3.1891807528938187,81.07,100,56,4.38,"http://api.openweathermap.org/data/2.5/weather?units=Imperial&appid=b7f5676635f18ef33d91fd505a223312&q=buala,sb"
74,inuvik,ca,-130.66891913245362,66.52299327505912,-0.68,64,20,9.17,"http://api.openweathermap.org/data/2.5/weather?units=Imperial&appid=b7f5676635f18ef33d91fd505a223312&q=inuvik,ca"
75,puerto ayora,ec,-91.97481363878273,6.427491915207611,76.48,99,0,6.29,"http://api.openweathermap.org/data/2.5/weather?units=Imperial&appid=b7f5676635f18ef33d91fd505a223312&q=puerto ayora,ec"
76,nador,ma,-2.0496193361333326,31.55643093472618,51.3,66,0,2.24,"http://api.openweathermap.org/data/2.5/weather?units=Imperial&appid=b7f5676635f18ef33d91fd505a223312&q=nador,ma"
77,atuona,pf,-143.35063423835203,-6.752066248485292,81.7,100,8,11.77,"http://api.openweathermap.org/data/2.5/weather?units=Imperial&appid=b7f5676635f18ef33d91fd505a223312&q=atuona,pf"
78,cabo san lucas,mx,-120.95200184866572,15.052529439013412,79.59,42,40,11.41,"http://api.openweathermap.org/data/2.5/weather?units=Imperial&appid=b7f5676635f18ef33d91fd505a223312&q=cabo san lucas,mx"
79,normandin,ca,-73.25572040233844,48.99316963653271,14,92,90,5.82,"http://api.openweathermap.org/data/2.5/weather?units=Imperial&appid=b7f5676635f18ef33d91fd505a223312&q=normandin,ca"
80,provideniya,ru,-175.37238010666002,53.544893099961115,21.2,57,0,20.13,"http://api.openweathermap.org/data/2.5/weather?units=Imperial&appid=b7f5676635f18ef33d91fd505a223312&q=provideniya,ru"
81,port alfred,za,40.3741432043399,-77.5443469030688,69.28,98,92,6.4,"http://api.openweathermap.org/data/2.5/weather?units=Imperial&appid=b7f5676635f18ef33d91fd505a223312&q=port alfred,za"
82,ukiah,us,-129.14104276765153,36.07237307797082,64.4,36,40,5.82,"http://api.openweathermap.org/data/2.5/weather?units=Imperial&appid=b7f5676635f18ef33d91fd505a223312&q=ukiah,us"
83,bredasdorp,za,21.912784810819545,-77.95668367735854,60.8,93,20,4.7,"http://api.openweathermap.org/data/2.5/weather?units=Imperial&appid=b7f5676635f18ef33d91fd505a223312&q=bredasdorp,za"
84,belushya guba,ru,52.44528548476029,82.46880647551643,No Data Avaiable,No Data Avaiable,No Data Avaiable,No Data Avaiable,No Data Avaiable
85,hasaki,jp,149.37789014231612,30.515940054935697,55.4,50,75,13.87,"http://api.openweathermap.org/data/2.5/weather?units=Imperial&appid=b7f5676635f18ef33d91fd505a223312&q=hasaki,jp"
86,esna,eg,31.727782409557364,24.646451576179004,No Data Avaiable,No Data Avaiable,No Data Avaiable,No Data Avaiable,No Data Avaiable
87,mataura,pf,-142.37054212920685,-54.71529498946537,No Data Avaiable,No Data Avaiable,No Data Avaiable,No Data Avaiable,No Data Avaiable
88,avarua,ck,-156.33489325746595,-21.406579614545123,77,100,75,10.29,"http://api.openweathermap.org/data/2.5/weather?units=Imperial&appid=b7f5676635f18ef33d91fd505a223312&q=avarua,ck"
89,hilo,us,-140.85251910098356,25.6470544310438,80.6,74,90,6.93,"http://api.openweathermap.org/data/2.5/weather?units=Imperial&appid=b7f5676635f18ef33d91fd505a223312&q=hilo,us"
90,kapaa,us,-171.1724322081155,26.229321608093912,81.25,74,75,20.8,"http://api.openweathermap.org/data/2.5/weather?units=Imperial&appid=b7f5676635f18ef33d91fd505a223312&q=kapaa,us"
91,saint-philippe,re,70.91752131002656,-61.81474738798862,76.05,78,68,10.29,"http://api.openweathermap.org/data/2.5/weather?units=Imperial&appid=b7f5676635f18ef33d91fd505a223312&q=saint-philippe,re"
92,sulangan,ph,129.01966801429722,12.094457851431386,81.52,100,0,12.21,"http://api.openweathermap.org/data/2.5/weather?units=Imperial&appid=b7f5676635f18ef33d91fd505a223312&q=sulangan,ph"
93,kruisfontein,za,25.524113373405413,-54.76791977913561,65.41,90,20,14.56,"http://api.openweathermap.org/data/2.5/weather?units=Imperial&appid=b7f5676635f18ef33d91fd505a223312&q=kruisfontein,za"
94,kodiak,us,-151.1175248458648,42.24591541592082,37.4,51,1,5.82,"http://api.openweathermap.org/data/2.5/weather?units=Imperial&appid=b7f5676635f18ef33d91fd505a223312&q=kodiak,us"
95,hilo,us,-141.72847927768905,12.885344935898829,80.6,74,90,6.93,"http://api.openweathermap.org/data/2.5/weather?units=Imperial&appid=b7f5676635f18ef33d91fd505a223312&q=hilo,us"
96,samusu,ws,-162.5144344416712,-3.9642923977684035,No Data Avaiable,No Data Avaiable,No Data Avaiable,No Data Avaiable,No Data Avaiable
97,jamestown,sh,-9.398056052382941,-30.96866020011889,73.78,100,88,10.2,"http://api.openweathermap.org/data/2.5/weather?units=Imperial&appid=b7f5676635f18ef33d91fd505a223312&q=jamestown,sh"
98,hobart,au,146.77892803652617,-72.10552835627914,64.4,48,75,17.22,"http://api.openweathermap.org/data/2.5/weather?units=Imperial&appid=b7f5676635f18ef33d91fd505a223312&q=hobart,au"
99,nadym,ru,72.4794529784902,64.99852236351225,28.51,92,56,14.56,"http://api.openweathermap.org/data/2.5/weather?units=Imperial&appid=b7f5676635f18ef33d91fd505a223312&q=nadym,ru"
100,nantucket,us,-67.11517841922891,39.01692667186404,46.4,81,90,13.87,"http://api.openweathermap.org/data/2.5/weather?units=Imperial&appid=b7f5676635f18ef33d91fd505a223312&q=nantucket,us"
101,cape town,za,-4.9089831380744045,-57.594345382926534,60.8,93,75,9.17,"http://api.openweathermap.org/data/2.5/weather?units=Imperial&appid=b7f5676635f18ef33d91fd505a223312&q=cape town,za"
102,loum,cm,9.649242589791811,4.790640732238828,67.84,99,24,2.71,"http://api.openweathermap.org/data/2.5/weather?units=Imperial&appid=b7f5676635f18ef33d91fd505a223312&q=loum,cm"
103,busselton,au,96.27672447325494,-34.36948980683059,68.2,100,0,11.43,"http://api.openweathermap.org/data/2.5/weather?units=Imperial&appid=b7f5676635f18ef33d91fd505a223312&q=busselton,au"
104,saskylakh,ru,108.76231615742915,87.95022956020088,3.31,84,0,14.67,"http://api.openweathermap.org/data/2.5/weather?units=Imperial&appid=b7f5676635f18ef33d91fd505a223312&q=saskylakh,ru"
105,luwuk,id,123.07190647082166,-0.43319766358891343,83.23,92,32,1.59,"http://api.openweathermap.org/data/2.5/weather?units=Imperial&appid=b7f5676635f18ef33d91fd505a223312&q=luwuk,id"
106,kodiak,us,-150.82444132393806,48.52181067013518,37.4,51,1,5.82,"http://api.openweathermap.org/data/2.5/weather?units=Imperial&appid=b7f5676635f18ef33d91fd505a223312&q=kodiak,us"
107,barrow,us,-158.97754014748045,88.35570875624282,34.66,68,1,4.7,"http://api.openweathermap.org/data/2.5/weather?units=Imperial&appid=b7f5676635f18ef33d91fd505a223312&q=barrow,us"
108,ponta do sol,cv,-41.39882511073009,21.88007055193293,68.2,100,8,15.01,"http://api.openweathermap.org/data/2.5/weather?units=Imperial&appid=b7f5676635f18ef33d91fd505a223312&q=ponta do sol,cv"
109,lompoc,us,-130.30819543425355,25.00497777168016,57.22,76,1,12.75,"http://api.openweathermap.org/data/2.5/weather?units=Imperial&appid=b7f5676635f18ef33d91fd505a223312&q=lompoc,us"
110,dikson,ru,77.63416219507047,83.3083499698464,-7.86,95,0,19.26,"http://api.openweathermap.org/data/2.5/weather?units=Imperial&appid=b7f5676635f18ef33d91fd505a223312&q=dikson,ru"
111,harper,lr,-7.0138681820505155,-3.92806612543842,81.61,100,64,7.85,"http://api.openweathermap.org/data/2.5/weather?units=Imperial&appid=b7f5676635f18ef33d91fd505a223312&q=harper,lr"
112,chuy,uy,-34.66293031472898,-47.99978874631171,62.26,94,0,6.96,"http://api.openweathermap.org/data/2.5/weather?units=Imperial&appid=b7f5676635f18ef33d91fd505a223312&q=chuy,uy"
113,antalaha,mg,55.769409922002694,-14.692229465647628,76.03,96,88,9.31,"http://api.openweathermap.org/data/2.5/weather?units=Imperial&appid=b7f5676635f18ef33d91fd505a223312&q=antalaha,mg"
114,kodiak,us,-160.27746430794303,46.57487740353844,37.4,51,1,5.82,"http://api.openweathermap.org/data/2.5/weather?units=Imperial&appid=b7f5676635f18ef33d91fd505a223312&q=kodiak,us"
115,puerto carreno,co,-66.04688652536886,5.808731979457221,69.46,96,48,2.48,"http://api.openweathermap.org/data/2.5/weather?units=Imperial&appid=b7f5676635f18ef33d91fd505a223312&q=puerto carreno,co"
116,ancud,cl,-101.11611642037343,-39.625832028061346,52.54,66,92,14,"http://api.openweathermap.org/data/2.5/weather?units=Imperial&appid=b7f5676635f18ef33d91fd505a223312&q=ancud,cl"
117,meulaboh,id,91.89075822983364,-0.33803043837619384,81.7,100,48,4.05,"http://api.openweathermap.org/data/2.5/weather?units=Imperial&appid=b7f5676635f18ef33d91fd505a223312&q=meulaboh,id"
118,nizhniy kuranakh,ru,124.62667605524774,59.94696470742227,15.73,50,20,6.85,"http://api.openweathermap.org/data/2.5/weather?units=Imperial&appid=b7f5676635f18ef33d91fd505a223312&q=nizhniy kuranakh,ru"
119,kapaa,us,-164.5226040588613,39.237074012892094,81.25,74,75,20.8,"http://api.openweathermap.org/data/2.5/weather?units=Imperial&appid=b7f5676635f18ef33d91fd505a223312&q=kapaa,us"
120,alofi,nu,-167.5206452338931,-19.210563374489453,80.98,100,92,18.03,"http://api.openweathermap.org/data/2.5/weather?units=Imperial&appid=b7f5676635f18ef33d91fd505a223312&q=alofi,nu"
121,doctor arroyo,mx,-100.0345424337551,23.704842131226485,60.73,77,88,0.69,"http://api.openweathermap.org/data/2.5/weather?units=Imperial&appid=b7f5676635f18ef33d91fd505a223312&q=doctor arroyo,mx"
122,rocha,uy,-44.557563518702864,-45.483039463040264,61.09,92,0,7.18,"http://api.openweathermap.org/data/2.5/weather?units=Imperial&appid=b7f5676635f18ef33d91fd505a223312&q=rocha,uy"
123,mocuba,mz,38.460071744626845,-17.506655813466992,71.17,96,0,2.71,"http://api.openweathermap.org/data/2.5/weather?units=Imperial&appid=b7f5676635f18ef33d91fd505a223312&q=mocuba,mz"
124,tsumeb,na,18.32757854210726,-18.4846458276334,60.55,97,48,12.33,"http://api.openweathermap.org/data/2.5/weather?units=Imperial&appid=b7f5676635f18ef33d91fd505a223312&q=tsumeb,na"
125,nioro,ml,-9.516164173549583,17.533931100502713,No Data Avaiable,No Data Avaiable,No Data Avaiable,No Data Avaiable,No Data Avaiable
126,tagusao,ph,114.64075723170055,13.208641141885394,86.2,72,0,4.38,"http://api.openweathermap.org/data/2.5/weather?units=Imperial&appid=b7f5676635f18ef33d91fd505a223312&q=tagusao,ph"
127,beringovskiy,ru,176.20041202488824,54.69854193391171,22.03,100,76,21.05,"http://api.openweathermap.org/data/2.5/weather?units=Imperial&appid=b7f5676635f18ef33d91fd505a223312&q=beringovskiy,ru"
128,hermanus,za,2.652164999216552,-63.255775823398814,59.38,100,64,2.82,"http://api.openweathermap.org/data/2.5/weather?units=Imperial&appid=b7f5676635f18ef33d91fd505a223312&q=hermanus,za"
129,tuktoyaktuk,ca,-130.57008525156243,69.18751381328761,-0.77,84,90,4.7,"http://api.openweathermap.org/data/2.5/weather?units=Imperial&appid=b7f5676635f18ef33d91fd505a223312&q=tuktoyaktuk,ca"
130,punta arenas,cl,-117.80987905456838,-80.37823954364305,35.6,93,90,19.46,"http://api.openweathermap.org/data/2.5/weather?units=Imperial&appid=b7f5676635f18ef33d91fd505a223312&q=punta arenas,cl"
131,axim,gh,-2.498421806144961,-5.541317933018945,81.43,100,88,6.06,"http://api.openweathermap.org/data/2.5/weather?units=Imperial&appid=b7f5676635f18ef33d91fd505a223312&q=axim,gh"
132,majene,id,118.08973764802244,-3.2515941892266227,82.96,100,8,1.25,"http://api.openweathermap.org/data/2.5/weather?units=Imperial&appid=b7f5676635f18ef33d91fd505a223312&q=majene,id"
133,lagoa,pt,-28.41768562827926,42.221872202047365,55.4,71,0,9.17,"http://api.openweathermap.org/data/2.5/weather?units=Imperial&appid=b7f5676635f18ef33d91fd505a223312&q=lagoa,pt"
134,bluff,nz,157.15205738078095,-69.40261895886437,60.01,89,68,30.11,"http://api.openweathermap.org/data/2.5/weather?units=Imperial&appid=b7f5676635f18ef33d91fd505a223312&q=bluff,nz"
135,port elizabeth,za,29.154523469659438,-55.076999008493914,66.2,93,75,11.41,"http://api.openweathermap.org/data/2.5/weather?units=Imperial&appid=b7f5676635f18ef33d91fd505a223312&q=port elizabeth,za"
136,westport,ie,-10.488930444811189,53.63071996554993,30.85,97,0,4.5,"http://api.openweathermap.org/data/2.5/weather?units=Imperial&appid=b7f5676635f18ef33d91fd505a223312&q=westport,ie"
137,arlit,ne,6.120475566265696,17.52353159253576,67.03,27,0,3.15,"http://api.openweathermap.org/data/2.5/weather?units=Imperial&appid=b7f5676635f18ef33d91fd505a223312&q=arlit,ne"
138,new ulm,us,-95.07626264855375,44.378639007649866,24.57,62,90,4.7,"http://api.openweathermap.org/data/2.5/weather?units=Imperial&appid=b7f5676635f18ef33d91fd505a223312&q=new ulm,us"
139,sitka,us,-138.70938821917844,56.68370818187236,53.35,28,44,17.81,"http://api.openweathermap.org/data/2.5/weather?units=Imperial&appid=b7f5676635f18ef33d91fd505a223312&q=sitka,us"
140,rikitea,pf,-130.85117604648266,-60.67378929700759,76.3,100,56,9.75,"http://api.openweathermap.org/data/2.5/weather?units=Imperial&appid=b7f5676635f18ef33d91fd505a223312&q=rikitea,pf"
141,mataura,pf,-145.89685783821986,-55.30663703707954,No Data Avaiable,No Data Avaiable,No Data Avaiable,No Data Avaiable,No Data Avaiable
142,hobart,au,150.1915590320176,-51.89173734986453,64.4,48,75,17.22,"http://api.openweathermap.org/data/2.5/weather?units=Imperial&appid=b7f5676635f18ef33d91fd505a223312&q=hobart,au"
143,yellowknife,ca,-113.7788555677439,61.10585445979365,14,43,20,14.99,"http://api.openweathermap.org/data/2.5/weather?units=Imperial&appid=b7f5676635f18ef33d91fd505a223312&q=yellowknife,ca"
144,gornyy,ru,48.52797574283514,51.7342540780553,32.11,98,92,9.31,"http://api.openweathermap.org/data/2.5/weather?units=Imperial&appid=b7f5676635f18ef33d91fd505a223312&q=gornyy,ru"
145,attawapiskat,ca,-87.00495801206796,61.715246964679665,No Data Avaiable,No Data Avaiable,No Data Avaiable,No Data Avaiable,No Data Avaiable
146,qaanaaq,gl,-92.34058947699496,87.02357305096987,-15.78,91,0,7.52,"http://api.openweathermap.org/data/2.5/weather?units=Imperial&appid=b7f5676635f18ef33d91fd505a223312&q=qaanaaq,gl"
147,mataura,pf,-148.46057796073785,-58.95394267302002,No Data Avaiable,No Data Avaiable,No Data Avaiable,No Data Avaiable,No Data Avaiable
148,chuy,uy,-34.88080271674701,-51.86432398883432,62.26,94,0,6.96,"http://api.openweathermap.org/data/2.5/weather?units=Imperial&appid=b7f5676635f18ef33d91fd505a223312&q=chuy,uy"
149,oyama,jp,138.70022920210062,31.400756030449514,55.4,43,75,5.82,"http://api.openweathermap.org/data/2.5/weather?units=Imperial&appid=b7f5676635f18ef33d91fd505a223312&q=oyama,jp"
150,vaini,to,-178.2216458279276,-53.28277793724694,86,74,40,24.16,"http://api.openweathermap.org/data/2.5/weather?units=Imperial&appid=b7f5676635f18ef33d91fd505a223312&q=vaini,to"
151,sentyabrskiy,ru,148.29866907628366,44.97677619409944,No Data Avaiable,No Data Avaiable,No Data Avaiable,No Data Avaiable,No Data Avaiable
152,tingo maria,pe,-75.75472933917334,-8.683335260166174,63.61,98,68,1.7,"http://api.openweathermap.org/data/2.5/weather?units=Imperial&appid=b7f5676635f18ef33d91fd505a223312&q=tingo maria,pe"
153,marcona,pe,-88.41404893252239,-25.599397191743876,No Data Avaiable,No Data Avaiable,No Data Avaiable,No Data Avaiable,No Data Avaiable
154,comodoro rivadavia,ar,-66.50235122311248,-48.11217130667535,48.2,49,0,39.15,"http://api.openweathermap.org/data/2.5/weather?units=Imperial&appid=b7f5676635f18ef33d91fd505a223312&q=comodoro rivadavia,ar"
155,qena,eg,33.43046397380766,25.854532729728717,68,60,0,2.24,"http://api.openweathermap.org/data/2.5/weather?units=Imperial&appid=b7f5676635f18ef33d91fd505a223312&q=qena,eg"
156,neryungri,ru,122.97149976927278,57.39715907577275,15.01,49,0,17.02,"http://api.openweathermap.org/data/2.5/weather?units=Imperial&appid=b7f5676635f18ef33d91fd505a223312&q=neryungri,ru"
157,rikitea,pf,-141.2021421817613,-20.33883109748639,76.3,100,56,9.75,"http://api.openweathermap.org/data/2.5/weather?units=Imperial&appid=b7f5676635f18ef33d91fd505a223312&q=rikitea,pf"
158,mataura,pf,-152.93663360724904,-81.63928244164983,No Data Avaiable,No Data Avaiable,No Data Avaiable,No Data Avaiable,No Data Avaiable
159,kavieng,pg,149.81915556181013,1.636960044789916,86.56,97,8,8.41,"http://api.openweathermap.org/data/2.5/weather?units=Imperial&appid=b7f5676635f18ef33d91fd505a223312&q=kavieng,pg"
160,linhares,br,-36.0174745325464,-20.850480789041328,76.3,89,68,4.72,"http://api.openweathermap.org/data/2.5/weather?units=Imperial&appid=b7f5676635f18ef33d91fd505a223312&q=linhares,br"
161,flinders,au,135.1037300556282,-28.538736375687655,78.8,54,0,8.05,"http://api.openweathermap.org/data/2.5/weather?units=Imperial&appid=b7f5676635f18ef33d91fd505a223312&q=flinders,au"
162,port alfred,za,36.889209316716745,-56.270714352499546,69.28,98,92,6.4,"http://api.openweathermap.org/data/2.5/weather?units=Imperial&appid=b7f5676635f18ef33d91fd505a223312&q=port alfred,za"
163,illoqqortoormiut,gl,-16.70516346387103,87.87559140319053,No Data Avaiable,No Data Avaiable,No Data Avaiable,No Data Avaiable,No Data Avaiable
164,nguiu,au,131.19500507718215,-9.170153780594276,No Data Avaiable,No Data Avaiable,No Data Avaiable,No Data Avaiable,No Data Avaiable
165,nevelsk,ru,140.65070707300913,46.90416143795272,32,100,20,15.66,"http://api.openweathermap.org/data/2.5/weather?units=Imperial&appid=b7f5676635f18ef33d91fd505a223312&q=nevelsk,ru"
166,mataura,pf,-164.32213876765934,-71.78696620075347,No Data Avaiable,No Data Avaiable,No Data Avaiable,No Data Avaiable,No Data Avaiable
167,kahului,us,-155.01610306527715,24.05519991221881,78.08,78,40,24.16,"http://api.openweathermap.org/data/2.5/weather?units=Imperial&appid=b7f5676635f18ef33d91fd505a223312&q=kahului,us"
168,kazalinsk,kz,59.43045701072862,46.27785467955374,No Data Avaiable,No Data Avaiable,No Data Avaiable,No Data Avaiable,No Data Avaiable
169,aykhal,ru,107.77105591294139,68.76944201299304,17.98,78,0,5.5,"http://api.openweathermap.org/data/2.5/weather?units=Imperial&appid=b7f5676635f18ef33d91fd505a223312&q=aykhal,ru"
170,yar-sale,ru,72.83420525529382,73.74809545699608,25.18,88,32,16.35,"http://api.openweathermap.org/data/2.5/weather?units=Imperial&appid=b7f5676635f18ef33d91fd505a223312&q=yar-sale,ru"
171,punta arenas,cl,-87.008780009314,-73.43512809081493,35.6,93,90,19.46,"http://api.openweathermap.org/data/2.5/weather?units=Imperial&appid=b7f5676635f18ef33d91fd505a223312&q=punta arenas,cl"
172,bredasdorp,za,18.065325575153196,-62.84916012224251,60.8,93,20,4.7,"http://api.openweathermap.org/data/2.5/weather?units=Imperial&appid=b7f5676635f18ef33d91fd505a223312&q=bredasdorp,za"
173,templin,de,13.45634944204781,53.24870945976522,51.8,81,75,12.75,"http://api.openweathermap.org/data/2.5/weather?units=Imperial&appid=b7f5676635f18ef33d91fd505a223312&q=templin,de"
174,maghama,mr,-11.448856828131142,17.897465073949647,No Data Avaiable,No Data Avaiable,No Data Avaiable,No Data Avaiable,No Data Avaiable
175,barentsburg,sj,9.016851159971168,75.23429098758666,No Data Avaiable,No Data Avaiable,No Data Avaiable,No Data Avaiable,No Data Avaiable
176,east london,za,58.5686379350924,-82.6014244204669,70.72,100,56,5.73,"http://api.openweathermap.org/data/2.5/weather?units=Imperial&appid=b7f5676635f18ef33d91fd505a223312&q=east london,za"
177,fagetelu,ro,24.498613230086136,44.75244631906972,42.91,81,32,2.59,"http://api.openweathermap.org/data/2.5/weather?units=Imperial&appid=b7f5676635f18ef33d91fd505a223312&q=fagetelu,ro"
178,albany,au,107.39404935727691,-85.76721447764591,68.38,72,0,9.98,"http://api.openweathermap.org/data/2.5/weather?units=Imperial&appid=b7f5676635f18ef33d91fd505a223312&q=albany,au"
179,diffa,ne,12.619793817083632,12.598313278462996,68.2,17,0,10.54,"http://api.openweathermap.org/data/2.5/weather?units=Imperial&appid=b7f5676635f18ef33d91fd505a223312&q=diffa,ne"
180,lemesos,cy,33.29006550389792,34.722961124726766,No Data Avaiable,No Data Avaiable,No Data Avaiable,No Data Avaiable,No Data Avaiable
181,east london,za,50.435469739082464,-63.2532030281061,70.72,100,56,5.73,"http://api.openweathermap.org/data/2.5/weather?units=Imperial&appid=b7f5676635f18ef33d91fd505a223312&q=east london,za"
182,westport,ie,-15.154939380919842,57.470764902793604,30.85,97,0,4.5,"http://api.openweathermap.org/data/2.5/weather?units=Imperial&appid=b7f5676635f18ef33d91fd505a223312&q=westport,ie"
183,mahibadhoo,mv,66.28087421454003,3.6634775642649657,86.2,98,80,5.73,"http://api.openweathermap.org/data/2.5/weather?units=Imperial&appid=b7f5676635f18ef33d91fd505a223312&q=mahibadhoo,mv"
184,albany,au,111.2029346657273,-87.31988885451545,68.38,72,0,9.98,"http://api.openweathermap.org/data/2.5/weather?units=Imperial&appid=b7f5676635f18ef33d91fd505a223312&q=albany,au"
185,dalbandin,pk,63.84349748014611,29.03491054649568,63.88,48,0,4.38,"http://api.openweathermap.org/data/2.5/weather?units=Imperial&appid=b7f5676635f18ef33d91fd505a223312&q=dalbandin,pk"
186,sint michiel,an,-69.12744609166919,12.037037934167103,No Data Avaiable,No Data Avaiable,No Data Avaiable,No Data Avaiable,No Data Avaiable
187,souillac,mu,61.46438359183972,-30.28666857266434,71.6,100,75,13.22,"http://api.openweathermap.org/data/2.5/weather?units=Imperial&appid=b7f5676635f18ef33d91fd505a223312&q=souillac,mu"
188,chokurdakh,ru,151.68206069496244,71.99321857670509,19.06,98,36,7.4,"http://api.openweathermap.org/data/2.5/weather?units=Imperial&appid=b7f5676635f18ef33d91fd505a223312&q=chokurdakh,ru"
189,kavieng,pg,158.51250310062812,11.141311168005274,86.56,97,8,8.41,"http://api.openweathermap.org/data/2.5/weather?units=Imperial&appid=b7f5676635f18ef33d91fd505a223312&q=kavieng,pg"
190,solton,ru,86.55611014538374,52.5884823796342,21.04,71,0,6.29,"http://api.openweathermap.org/data/2.5/weather?units=Imperial&appid=b7f5676635f18ef33d91fd505a223312&q=solton,ru"
191,punta de piedra,hn,-84.7833658403984,16.623798140551315,No Data Avaiable,No Data Avaiable,No Data Avaiable,No Data Avaiable,No Data Avaiable
192,victoria,sc,53.05874586314678,-1.088368117479078,80.6,78,0,3.36,"http://api.openweathermap.org/data/2.5/weather?units=Imperial&appid=b7f5676635f18ef33d91fd505a223312&q=victoria,sc"
193,avarua,ck,-165.84212328441578,-54.42685589896794,77,100,75,10.29,"http://api.openweathermap.org/data/2.5/weather?units=Imperial&appid=b7f5676635f18ef33d91fd505a223312&q=avarua,ck"
194,samusu,ws,-168.9737390511845,-11.454064231971856,No Data Avaiable,No Data Avaiable,No Data Avaiable,No Data Avaiable,No Data Avaiable
195,maarianhamina,fi,19.235822497184927,60.57074802431788,No Data Avaiable,No Data Avaiable,No Data Avaiable,No Data Avaiable,No Data Avaiable
196,marawi,sd,26.865178639196728,18.742267269089467,67.03,31,0,9.98,"http://api.openweathermap.org/data/2.5/weather?units=Imperial&appid=b7f5676635f18ef33d91fd505a223312&q=marawi,sd"
197,chern,ru,36.853628948345204,53.5980451271553,31.39,94,80,8.97,"http://api.openweathermap.org/data/2.5/weather?units=Imperial&appid=b7f5676635f18ef33d91fd505a223312&q=chern,ru"
198,khagaria,in,86.45865851059949,25.58857199224913,77.56,67,0,10.54,"http://api.openweathermap.org/data/2.5/weather?units=Imperial&appid=b7f5676635f18ef33d91fd505a223312&q=khagaria,in"
199,abu samrah,qa,51.28001453762272,23.68416734291243,No Data Avaiable,No Data Avaiable,No Data Avaiable,No Data Avaiable,No Data Avaiable
200,bethel,us,-172.79195417766866,44.465834245736204,21.2,67,20,21.92,"http://api.openweathermap.org/data/2.5/weather?units=Imperial&appid=b7f5676635f18ef33d91fd505a223312&q=bethel,us"
201,luderitz,na,-1.0363523837193611,-33.29158451025753,59,100,88,4.7,"http://api.openweathermap.org/data/2.5/weather?units=Imperial&appid=b7f5676635f18ef33d91fd505a223312&q=luderitz,na"
202,port keats,au,127.16137757390692,-13.87750325127871,94.03,73,0,3.94,"http://api.openweathermap.org/data/2.5/weather?units=Imperial&appid=b7f5676635f18ef33d91fd505a223312&q=port keats,au"
203,oyem,ga,12.098129932375684,1.5876664543311705,71.44,99,44,2.37,"http://api.openweathermap.org/data/2.5/weather?units=Imperial&appid=b7f5676635f18ef33d91fd505a223312&q=oyem,ga"
204,morondava,mg,42.52407784789878,-19.68355230575736,75.58,100,8,3.6,"http://api.openweathermap.org/data/2.5/weather?units=Imperial&appid=b7f5676635f18ef33d91fd505a223312&q=morondava,mg"
205,hermanus,za,-0.8856500469329944,-68.54375895141213,59.38,100,64,2.82,"http://api.openweathermap.org/data/2.5/weather?units=Imperial&appid=b7f5676635f18ef33d91fd505a223312&q=hermanus,za"
206,mehamn,no,26.92948087587564,75.42165572864195,20.41,76,68,5.73,"http://api.openweathermap.org/data/2.5/weather?units=Imperial&appid=b7f5676635f18ef33d91fd505a223312&q=mehamn,no"
207,dalbandin,pk,64.06209410650374,28.749694822335513,63.88,48,0,4.38,"http://api.openweathermap.org/data/2.5/weather?units=Imperial&appid=b7f5676635f18ef33d91fd505a223312&q=dalbandin,pk"
208,hilo,us,-142.67731835663506,23.92153879270691,80.6,74,90,6.93,"http://api.openweathermap.org/data/2.5/weather?units=Imperial&appid=b7f5676635f18ef33d91fd505a223312&q=hilo,us"
209,cayenne,gf,-43.71103797627552,13.67827175579643,77,94,90,6.96,"http://api.openweathermap.org/data/2.5/weather?units=Imperial&appid=b7f5676635f18ef33d91fd505a223312&q=cayenne,gf"
210,ushuaia,ar,-67.31610079026369,-73.46735048026657,41,86,40,3.36,"http://api.openweathermap.org/data/2.5/weather?units=Imperial&appid=b7f5676635f18ef33d91fd505a223312&q=ushuaia,ar"
211,umzimvubu,za,40.052171505826294,-42.57863687233593,No Data Avaiable,No Data Avaiable,No Data Avaiable,No Data Avaiable,No Data Avaiable
212,fare,pf,-149.58347502459844,-15.272144502831765,81.7,100,88,4.61,"http://api.openweathermap.org/data/2.5/weather?units=Imperial&appid=b7f5676635f18ef33d91fd505a223312&q=fare,pf"
213,deputatskiy,ru,142.2453873494141,70.93693994168086,24.28,91,56,4.05,"http://api.openweathermap.org/data/2.5/weather?units=Imperial&appid=b7f5676635f18ef33d91fd505a223312&q=deputatskiy,ru"
214,qaanaaq,gl,-80.06557565695392,85.75416905123606,-15.78,91,0,7.52,"http://api.openweathermap.org/data/2.5/weather?units=Imperial&appid=b7f5676635f18ef33d91fd505a223312&q=qaanaaq,gl"
215,bongor,td,15.63837509641374,9.941157032895319,76.21,56,44,2.48,"http://api.openweathermap.org/data/2.5/weather?units=Imperial&appid=b7f5676635f18ef33d91fd505a223312&q=bongor,td"
216,puerto ayora,ec,-96.93857506816246,-19.69032911267071,76.48,99,0,6.29,"http://api.openweathermap.org/data/2.5/weather?units=Imperial&appid=b7f5676635f18ef33d91fd505a223312&q=puerto ayora,ec"
217,bethel,us,-159.31297017197028,54.88047272649462,21.2,67,20,21.92,"http://api.openweathermap.org/data/2.5/weather?units=Imperial&appid=b7f5676635f18ef33d91fd505a223312&q=bethel,us"
218,kodiak,us,-147.86611663144492,50.55809755972106,37.4,51,1,5.82,"http://api.openweathermap.org/data/2.5/weather?units=Imperial&appid=b7f5676635f18ef33d91fd505a223312&q=kodiak,us"
219,saint-philippe,re,60.19937152585425,-41.8849555877027,76.05,78,68,10.29,"http://api.openweathermap.org/data/2.5/weather?units=Imperial&appid=b7f5676635f18ef33d91fd505a223312&q=saint-philippe,re"
220,talnakh,ru,92.52949791502965,82.06063699929862,11.59,86,76,23.17,"http://api.openweathermap.org/data/2.5/weather?units=Imperial&appid=b7f5676635f18ef33d91fd505a223312&q=talnakh,ru"
221,attawapiskat,ca,-85.36822506102061,62.92547960769653,No Data Avaiable,No Data Avaiable,No Data Avaiable,No Data Avaiable,No Data Avaiable
222,ushuaia,ar,-67.71124602790918,-77.49565536087458,41,86,40,3.36,"http://api.openweathermap.org/data/2.5/weather?units=Imperial&appid=b7f5676635f18ef33d91fd505a223312&q=ushuaia,ar"
223,vaini,to,-179.91125690277326,-20.07289980689208,86,74,40,24.16,"http://api.openweathermap.org/data/2.5/weather?units=Imperial&appid=b7f5676635f18ef33d91fd505a223312&q=vaini,to"
224,marawi,sd,28.656554541422253,17.28554258033894,67.03,31,0,9.98,"http://api.openweathermap.org/data/2.5/weather?units=Imperial&appid=b7f5676635f18ef33d91fd505a223312&q=marawi,sd"
225,cedar city,us,-112.62403268008381,38.8571573857765,60.8,18,75,10.29,"http://api.openweathermap.org/data/2.5/weather?units=Imperial&appid=b7f5676635f18ef33d91fd505a223312&q=cedar city,us"
226,punta arenas,cl,-114.54326749546738,-75.36898780621198,35.6,93,90,19.46,"http://api.openweathermap.org/data/2.5/weather?units=Imperial&appid=b7f5676635f18ef33d91fd505a223312&q=punta arenas,cl"
227,taolanaro,mg,54.81664710737948,-44.04784886538853,No Data Avaiable,No Data Avaiable,No Data Avaiable,No Data Avaiable,No Data Avaiable
228,grand centre,ca,-110.29377086883989,58.0477760795647,No Data Avaiable,No Data Avaiable,No Data Avaiable,No Data Avaiable,No Data Avaiable
229,faanui,pf,-154.52228363366223,-5.840609979426432,82.96,100,68,6.4,"http://api.openweathermap.org/data/2.5/weather?units=Imperial&appid=b7f5676635f18ef33d91fd505a223312&q=faanui,pf"
230,samusu,ws,-164.29750213717506,-8.449398484535863,No Data Avaiable,No Data Avaiable,No Data Avaiable,No Data Avaiable,No Data Avaiable
231,ponta do sol,cv,-29.166011499437417,19.160886120306387,68.2,100,8,15.01,"http://api.openweathermap.org/data/2.5/weather?units=Imperial&appid=b7f5676635f18ef33d91fd505a223312&q=ponta do sol,cv"
232,cape town,za,0.20040498411975705,-58.15879098080744,60.8,93,75,9.17,"http://api.openweathermap.org/data/2.5/weather?units=Imperial&appid=b7f5676635f18ef33d91fd505a223312&q=cape town,za"
233,port elizabeth,za,38.03289948335359,-89.72331226465015,66.2,93,75,11.41,"http://api.openweathermap.org/data/2.5/weather?units=Imperial&appid=b7f5676635f18ef33d91fd505a223312&q=port elizabeth,za"
234,coquimbo,cl,-84.54244252119618,-28.918065149887624,57.2,87,90,2.24,"http://api.openweathermap.org/data/2.5/weather?units=Imperial&appid=b7f5676635f18ef33d91fd505a223312&q=coquimbo,cl"
235,ushuaia,ar,-56.5671792095749,-83.23745827396533,41,86,40,3.36,"http://api.openweathermap.org/data/2.5/weather?units=Imperial&appid=b7f5676635f18ef33d91fd505a223312&q=ushuaia,ar"
236,antofagasta,cl,-72.4933842655576,-23.629607704863034,62.6,77,0,8.05,"http://api.openweathermap.org/data/2.5/weather?units=Imperial&appid=b7f5676635f18ef33d91fd505a223312&q=antofagasta,cl"
237,sohag,eg,29.846207087438273,24.735965984602444,60.91,57,0,8.63,"http://api.openweathermap.org/data/2.5/weather?units=Imperial&appid=b7f5676635f18ef33d91fd505a223312&q=sohag,eg"
238,atuona,pf,-122.95324780477668,-5.2697613225564055,81.7,100,8,11.77,"http://api.openweathermap.org/data/2.5/weather?units=Imperial&appid=b7f5676635f18ef33d91fd505a223312&q=atuona,pf"
239,namibe,ao,9.248785017741653,-16.430929957819373,78.73,100,92,11.32,"http://api.openweathermap.org/data/2.5/weather?units=Imperial&appid=b7f5676635f18ef33d91fd505a223312&q=namibe,ao"
240,taolanaro,mg,70.83769739032829,-70.31500064605561,No Data Avaiable,No Data Avaiable,No Data Avaiable,No Data Avaiable,No Data Avaiable
241,cidreira,br,-27.100143492106156,-53.07800686031618,63.16,93,0,4.38,"http://api.openweathermap.org/data/2.5/weather?units=Imperial&appid=b7f5676635f18ef33d91fd505a223312&q=cidreira,br"
242,kavaratti,in,71.89276777893332,12.169225961041988,85.66,99,20,1.14,"http://api.openweathermap.org/data/2.5/weather?units=Imperial&appid=b7f5676635f18ef33d91fd505a223312&q=kavaratti,in"
243,arraial do cabo,br,-21.720590503011692,-47.82928943216776,75.58,97,88,4.16,"http://api.openweathermap.org/data/2.5/weather?units=Imperial&appid=b7f5676635f18ef33d91fd505a223312&q=arraial do cabo,br"
244,college,us,-149.66206916518814,70.46083805342553,27.86,42,40,14.99,"http://api.openweathermap.org/data/2.5/weather?units=Imperial&appid=b7f5676635f18ef33d91fd505a223312&q=college,us"
245,kapaa,us,-177.38191234300194,22.96382788761146,81.25,74,75,20.8,"http://api.openweathermap.org/data/2.5/weather?units=Imperial&appid=b7f5676635f18ef33d91fd505a223312&q=kapaa,us"
246,dunedin,nz,174.60600166581656,-51.51827304969427,69.37,41,0,5.39,"http://api.openweathermap.org/data/2.5/weather?units=Imperial&appid=b7f5676635f18ef33d91fd505a223312&q=dunedin,nz"
247,port blair,in,89.5172669667192,14.041582323601403,84.4,100,0,3.38,"http://api.openweathermap.org/data/2.5/weather?units=Imperial&appid=b7f5676635f18ef33d91fd505a223312&q=port blair,in"
248,adrar,dz,0.5538645703912266,24.540035874596853,69.8,25,32,5.82,"http://api.openweathermap.org/data/2.5/weather?units=Imperial&appid=b7f5676635f18ef33d91fd505a223312&q=adrar,dz"
249,saint george,bm,-51.89601729469388,29.629709760550767,68,88,40,11.41,"http://api.openweathermap.org/data/2.5/weather?units=Imperial&appid=b7f5676635f18ef33d91fd505a223312&q=saint george,bm"
250,obo,cf,25.918857555815634,5.9011680950043655,68.02,96,80,3.38,"http://api.openweathermap.org/data/2.5/weather?units=Imperial&appid=b7f5676635f18ef33d91fd505a223312&q=obo,cf"
251,upernavik,gl,-55.895310031318644,85.7923711185376,6.46,89,44,8.97,"http://api.openweathermap.org/data/2.5/weather?units=Imperial&appid=b7f5676635f18ef33d91fd505a223312&q=upernavik,gl"
252,taolanaro,mg,47.805964159599824,-31.059715453076123,No Data Avaiable,No Data Avaiable,No Data Avaiable,No Data Avaiable,No Data Avaiable
253,faanui,pf,-157.80025483525026,-5.536557363168868,82.96,100,68,6.4,"http://api.openweathermap.org/data/2.5/weather?units=Imperial&appid=b7f5676635f18ef33d91fd505a223312&q=faanui,pf"
254,rikitea,pf,-130.64543823352145,-77.97296896494062,76.3,100,56,9.75,"http://api.openweathermap.org/data/2.5/weather?units=Imperial&appid=b7f5676635f18ef33d91fd505a223312&q=rikitea,pf"
255,rikitea,pf,-134.7472599152757,-17.653206998868626,76.3,100,56,9.75,"http://api.openweathermap.org/data/2.5/weather?units=Imperial&appid=b7f5676635f18ef33d91fd505a223312&q=rikitea,pf"
256,tambul,sd,34.88955591171117,15.036034604309918,No Data Avaiable,No Data Avaiable,No Data Avaiable,No Data Avaiable,No Data Avaiable
257,ancud,cl,-91.46320062164021,-41.64605510891294,52.54,66,92,14,"http://api.openweathermap.org/data/2.5/weather?units=Imperial&appid=b7f5676635f18ef33d91fd505a223312&q=ancud,cl"
258,tsihombe,mg,48.983542832929686,-40.85405901234141,No Data Avaiable,No Data Avaiable,No Data Avaiable,No Data Avaiable,No Data Avaiable
259,busselton,au,86.39494351450469,-67.7321631679259,68.2,100,0,11.43,"http://api.openweathermap.org/data/2.5/weather?units=Imperial&appid=b7f5676635f18ef33d91fd505a223312&q=busselton,au"
260,busselton,au,86.48087971256729,-38.600368209332146,68.2,100,0,11.43,"http://api.openweathermap.org/data/2.5/weather?units=Imperial&appid=b7f5676635f18ef33d91fd505a223312&q=busselton,au"
261,carauari,br,-67.6090857921521,-4.185494771485125,74.23,94,8,2.37,"http://api.openweathermap.org/data/2.5/weather?units=Imperial&appid=b7f5676635f18ef33d91fd505a223312&q=carauari,br"
262,rawson,ar,-62.10995380851858,-47.00653904450796,59.74,23,48,17.25,"http://api.openweathermap.org/data/2.5/weather?units=Imperial&appid=b7f5676635f18ef33d91fd505a223312&q=rawson,ar"
263,korla,cn,87.12347696654115,41.6936951395181,44.17,38,0,7.63,"http://api.openweathermap.org/data/2.5/weather?units=Imperial&appid=b7f5676635f18ef33d91fd505a223312&q=korla,cn"
264,cape town,za,9.103559908381555,-39.29277519066693,60.8,93,75,9.17,"http://api.openweathermap.org/data/2.5/weather?units=Imperial&appid=b7f5676635f18ef33d91fd505a223312&q=cape town,za"
265,hilo,us,-145.2404988534043,6.452619403233442,80.6,74,90,6.93,"http://api.openweathermap.org/data/2.5/weather?units=Imperial&appid=b7f5676635f18ef33d91fd505a223312&q=hilo,us"
266,pisco,pe,-85.14244466595365,-20.01757406640344,69.8,77,0,9.17,"http://api.openweathermap.org/data/2.5/weather?units=Imperial&appid=b7f5676635f18ef33d91fd505a223312&q=pisco,pe"
267,tuktoyaktuk,ca,-131.13414618950534,78.0799178086607,-0.77,84,90,4.7,"http://api.openweathermap.org/data/2.5/weather?units=Imperial&appid=b7f5676635f18ef33d91fd505a223312&q=tuktoyaktuk,ca"
268,vaitupu,wf,-177.38745651054197,-0.032585754959129076,No Data Avaiable,No Data Avaiable,No Data Avaiable,No Data Avaiable,No Data Avaiable
269,kodiak,us,-147.4739279008878,46.451849066169075,37.4,51,1,5.82,"http://api.openweathermap.org/data/2.5/weather?units=Imperial&appid=b7f5676635f18ef33d91fd505a223312&q=kodiak,us"
270,hobart,au,147.9514416428575,-84.87353630408938,64.4,48,75,17.22,"http://api.openweathermap.org/data/2.5/weather?units=Imperial&appid=b7f5676635f18ef33d91fd505a223312&q=hobart,au"
271,vernon,us,-99.14582917771577,33.67304816437084,45.3,33,40,12.75,"http://api.openweathermap.org/data/2.5/weather?units=Imperial&appid=b7f5676635f18ef33d91fd505a223312&q=vernon,us"
272,san cristobal,ec,-91.0282702185062,-11.842870249738212,61.54,100,92,1.92,"http://api.openweathermap.org/data/2.5/weather?units=Imperial&appid=b7f5676635f18ef33d91fd505a223312&q=san cristobal,ec"
273,tuktoyaktuk,ca,-140.55624174540662,85.1069228828161,-0.77,84,90,4.7,"http://api.openweathermap.org/data/2.5/weather?units=Imperial&appid=b7f5676635f18ef33d91fd505a223312&q=tuktoyaktuk,ca"
274,rikitea,pf,-137.55095838731376,-69.26514204757197,76.3,100,56,9.75,"http://api.openweathermap.org/data/2.5/weather?units=Imperial&appid=b7f5676635f18ef33d91fd505a223312&q=rikitea,pf"
275,puerto ayora,ec,-100.87031122385604,2.6332125656433334,76.48,99,0,6.29,"http://api.openweathermap.org/data/2.5/weather?units=Imperial&appid=b7f5676635f18ef33d91fd505a223312&q=puerto ayora,ec"
276,bluff,nz,162.88818950866067,-68.89025164644781,60.01,89,68,30.11,"http://api.openweathermap.org/data/2.5/weather?units=Imperial&appid=b7f5676635f18ef33d91fd505a223312&q=bluff,nz"
277,altay,cn,87.69272846137,46.757775688312734,22.03,53,0,2.93,"http://api.openweathermap.org/data/2.5/weather?units=Imperial&appid=b7f5676635f18ef33d91fd505a223312&q=altay,cn"
278,hermanus,za,14.503366889367868,-66.17707342624213,59.38,100,64,2.82,"http://api.openweathermap.org/data/2.5/weather?units=Imperial&appid=b7f5676635f18ef33d91fd505a223312&q=hermanus,za"
279,albany,au,115.67488582267407,-89.02503988328924,68.38,72,0,9.98,"http://api.openweathermap.org/data/2.5/weather?units=Imperial&appid=b7f5676635f18ef33d91fd505a223312&q=albany,au"
280,isangel,vu,179.95141846860747,-22.844891920303752,80.26,100,48,11.32,"http://api.openweathermap.org/data/2.5/weather?units=Imperial&appid=b7f5676635f18ef33d91fd505a223312&q=isangel,vu"
281,albany,au,116.13758358041224,-53.76521572651348,68.38,72,0,9.98,"http://api.openweathermap.org/data/2.5/weather?units=Imperial&appid=b7f5676635f18ef33d91fd505a223312&q=albany,au"
282,barentsburg,sj,5.007682422918805,85.50589405579217,No Data Avaiable,No Data Avaiable,No Data Avaiable,No Data Avaiable,No Data Avaiable
283,gawler,au,138.9443096313135,-33.61349427482623,68,56,0,9.17,"http://api.openweathermap.org/data/2.5/weather?units=Imperial&appid=b7f5676635f18ef33d91fd505a223312&q=gawler,au"
284,jamestown,sh,-15.574768488993044,-49.96807085303987,73.78,100,88,10.2,"http://api.openweathermap.org/data/2.5/weather?units=Imperial&appid=b7f5676635f18ef33d91fd505a223312&q=jamestown,sh"
285,ushuaia,ar,-64.37451562634736,-59.31769246844773,41,86,40,3.36,"http://api.openweathermap.org/data/2.5/weather?units=Imperial&appid=b7f5676635f18ef33d91fd505a223312&q=ushuaia,ar"
286,victoria,sc,55.912572806081755,-10.373480538763786,80.6,78,0,3.36,"http://api.openweathermap.org/data/2.5/weather?units=Imperial&appid=b7f5676635f18ef33d91fd505a223312&q=victoria,sc"
287,mataura,pf,-154.182949317144,-76.81146340343852,No Data Avaiable,No Data Avaiable,No Data Avaiable,No Data Avaiable,No Data Avaiable
288,zhigansk,ru,125.11893687701547,67.26976672091428,12.4,62,44,9.19,"http://api.openweathermap.org/data/2.5/weather?units=Imperial&appid=b7f5676635f18ef33d91fd505a223312&q=zhigansk,ru"
289,adrar,dz,-4.400773134116946,27.97736052742772,69.8,25,32,5.82,"http://api.openweathermap.org/data/2.5/weather?units=Imperial&appid=b7f5676635f18ef33d91fd505a223312&q=adrar,dz"
290,bubaque,gw,-18.159563439737724,7.196669274998726,76.12,100,0,17.36,"http://api.openweathermap.org/data/2.5/weather?units=Imperial&appid=b7f5676635f18ef33d91fd505a223312&q=bubaque,gw"
291,atuona,pf,-137.2649538818477,-3.164092480767806,81.7,100,8,11.77,"http://api.openweathermap.org/data/2.5/weather?units=Imperial&appid=b7f5676635f18ef33d91fd505a223312&q=atuona,pf"
292,new norfolk,au,119.37789612327776,-89.75708450667794,64.4,48,75,17.22,"http://api.openweathermap.org/data/2.5/weather?units=Imperial&appid=b7f5676635f18ef33d91fd505a223312&q=new norfolk,au"
293,jamestown,sh,-3.150624868898092,-30.57314261841627,73.78,100,88,10.2,"http://api.openweathermap.org/data/2.5/weather?units=Imperial&appid=b7f5676635f18ef33d91fd505a223312&q=jamestown,sh"
294,agogo,gh,-1.2382009080333205,6.816217265652455,72.79,95,80,3.04,"http://api.openweathermap.org/data/2.5/weather?units=Imperial&appid=b7f5676635f18ef33d91fd505a223312&q=agogo,gh"
295,ribeira grande,pt,-41.99880216900257,25.58230845924237,59.83,100,68,31.56,"http://api.openweathermap.org/data/2.5/weather?units=Imperial&appid=b7f5676635f18ef33d91fd505a223312&q=ribeira grande,pt"
296,mahibadhoo,mv,66.2963733202364,4.7037308397949715,86.2,98,80,5.73,"http://api.openweathermap.org/data/2.5/weather?units=Imperial&appid=b7f5676635f18ef33d91fd505a223312&q=mahibadhoo,mv"
297,kaitangata,nz,175.74716721239344,-56.63490109848605,64.78,52,0,21.72,"http://api.openweathermap.org/data/2.5/weather?units=Imperial&appid=b7f5676635f18ef33d91fd505a223312&q=kaitangata,nz"
298,ushuaia,ar,-53.68339439740011,-74.13070620966207,41,86,40,3.36,"http://api.openweathermap.org/data/2.5/weather?units=Imperial&appid=b7f5676635f18ef33d91fd505a223312&q=ushuaia,ar"
299,bluff,nz,167.98420951595733,-81.27636637084404,60.01,89,68,30.11,"http://api.openweathermap.org/data/2.5/weather?units=Imperial&appid=b7f5676635f18ef33d91fd505a223312&q=bluff,nz"
300,champerico,gt,-91.83212024330541,14.247769391596364,76.03,99,44,3.71,"http://api.openweathermap.org/data/2.5/weather?units=Imperial&appid=b7f5676635f18ef33d91fd505a223312&q=champerico,gt"
301,nizhneyansk,ru,140.9080858776826,88.0687865997883,No Data Avaiable,No Data Avaiable,No Data Avaiable,No Data Avaiable,No Data Avaiable
302,sur,om,61.63554660106911,15.901581648961653,80.8,83,12,2.71,"http://api.openweathermap.org/data/2.5/weather?units=Imperial&appid=b7f5676635f18ef33d91fd505a223312&q=sur,om"
303,canora,ca,-102.21703184578335,51.6826634146901,17.6,61,1,10.29,"http://api.openweathermap.org/data/2.5/weather?units=Imperial&appid=b7f5676635f18ef33d91fd505a223312&q=canora,ca"
304,severnyy,ru,66.25670639742307,72.08044182437322,No Data Avaiable,No Data Avaiable,No Data Avaiable,No Data Avaiable,No Data Avaiable
305,rikitea,pf,-109.07344422238042,-33.038746946184176,76.3,100,56,9.75,"http://api.openweathermap.org/data/2.5/weather?units=Imperial&appid=b7f5676635f18ef33d91fd505a223312&q=rikitea,pf"
306,belushya guba,ru,43.46980353682457,88.88728425524303,No Data Avaiable,No Data Avaiable,No Data Avaiable,No Data Avaiable,No Data Avaiable
307,macomer,it,8.986263782248727,39.958042139578396,57.2,93,20,11.41,"http://api.openweathermap.org/data/2.5/weather?units=Imperial&appid=b7f5676635f18ef33d91fd505a223312&q=macomer,it"
308,nizwa,om,54.97660842617282,20.62256233577503,62.44,43,0,2.37,"http://api.openweathermap.org/data/2.5/weather?units=Imperial&appid=b7f5676635f18ef33d91fd505a223312&q=nizwa,om"
309,tasiilaq,gl,-40.39160855982951,68.75249331261855,23,73,68,10.29,"http://api.openweathermap.org/data/2.5/weather?units=Imperial&appid=b7f5676635f18ef33d91fd505a223312&q=tasiilaq,gl"
310,castro,cl,-95.86345584071665,-53.15045962160575,48.85,85,92,13.67,"http://api.openweathermap.org/data/2.5/weather?units=Imperial&appid=b7f5676635f18ef33d91fd505a223312&q=castro,cl"
311,vao,nc,169.85545465773868,-23.643352547454057,77.02,100,80,18.25,"http://api.openweathermap.org/data/2.5/weather?units=Imperial&appid=b7f5676635f18ef33d91fd505a223312&q=vao,nc"
312,tsihombe,mg,44.7481046434599,-33.93969433383403,No Data Avaiable,No Data Avaiable,No Data Avaiable,No Data Avaiable,No Data Avaiable
313,albany,au,99.68276764233065,-77.69513341864969,68.38,72,0,9.98,"http://api.openweathermap.org/data/2.5/weather?units=Imperial&appid=b7f5676635f18ef33d91fd505a223312&q=albany,au"
314,margate,za,35.348452536668134,-36.786387583444366,72.16,100,68,4.05,"http://api.openweathermap.org/data/2.5/weather?units=Imperial&appid=b7f5676635f18ef33d91fd505a223312&q=margate,za"
315,huarmey,pe,-83.8243108131068,-12.322184673716151,64.33,88,64,2.93,"http://api.openweathermap.org/data/2.5/weather?units=Imperial&appid=b7f5676635f18ef33d91fd505a223312&q=huarmey,pe"
316,komatipoort,za,32.30155510559774,-25.55146111787802,65.41,92,12,2.82,"http://api.openweathermap.org/data/2.5/weather?units=Imperial&appid=b7f5676635f18ef33d91fd505a223312&q=komatipoort,za"
317,turayf,sa,38.91955871276559,33.30378653804978,53.6,22,0,9.17,"http://api.openweathermap.org/data/2.5/weather?units=Imperial&appid=b7f5676635f18ef33d91fd505a223312&q=turayf,sa"
318,akdepe,tm,57.081720160703924,41.974595969624886,50.88,71,90,18.34,"http://api.openweathermap.org/data/2.5/weather?units=Imperial&appid=b7f5676635f18ef33d91fd505a223312&q=akdepe,tm"
319,suoyarvi,ru,32.539810018218446,62.39571683540771,35.53,98,92,6.73,"http://api.openweathermap.org/data/2.5/weather?units=Imperial&appid=b7f5676635f18ef33d91fd505a223312&q=suoyarvi,ru"
320,pangody,ru,74.24326374354337,65.23942939313514,28.6,94,92,17.13,"http://api.openweathermap.org/data/2.5/weather?units=Imperial&appid=b7f5676635f18ef33d91fd505a223312&q=pangody,ru"
321,general cepeda,mx,-101.29507826097816,25.439208281802877,51.8,71,75,11.41,"http://api.openweathermap.org/data/2.5/weather?units=Imperial&appid=b7f5676635f18ef33d91fd505a223312&q=general cepeda,mx"
322,nikolskoye,ru,171.0691658989174,55.853761894244855,39.2,86,90,8.95,"http://api.openweathermap.org/data/2.5/weather?units=Imperial&appid=b7f5676635f18ef33d91fd505a223312&q=nikolskoye,ru"
323,lorengau,pg,146.5807602576558,4.029521078424111,83.23,99,48,11.65,"http://api.openweathermap.org/data/2.5/weather?units=Imperial&appid=b7f5676635f18ef33d91fd505a223312&q=lorengau,pg"
324,ilulissat,gl,-50.510558244135694,73.96418626020224,14,85,20,3.36,"http://api.openweathermap.org/data/2.5/weather?units=Imperial&appid=b7f5676635f18ef33d91fd505a223312&q=ilulissat,gl"
325,sitka,us,-137.86911431238133,49.737387081753354,53.35,28,44,17.81,"http://api.openweathermap.org/data/2.5/weather?units=Imperial&appid=b7f5676635f18ef33d91fd505a223312&q=sitka,us"
326,chokurdakh,ru,145.94645667503232,78.58624049128196,19.06,98,36,7.4,"http://api.openweathermap.org/data/2.5/weather?units=Imperial&appid=b7f5676635f18ef33d91fd505a223312&q=chokurdakh,ru"
327,tumannyy,ru,37.1280523516111,67.96078629137915,No Data Avaiable,No Data Avaiable,No Data Avaiable,No Data Avaiable,No Data Avaiable
328,albany,au,105.88527796581354,-88.24821898180608,68.38,72,0,9.98,"http://api.openweathermap.org/data/2.5/weather?units=Imperial&appid=b7f5676635f18ef33d91fd505a223312&q=albany,au"
329,tuktoyaktuk,ca,-128.43713399280665,77.5483200389813,-0.77,84,90,4.7,"http://api.openweathermap.org/data/2.5/weather?units=Imperial&appid=b7f5676635f18ef33d91fd505a223312&q=tuktoyaktuk,ca"
330,bredasdorp,za,21.409506398353983,-51.47382201523588,60.8,93,20,4.7,"http://api.openweathermap.org/data/2.5/weather?units=Imperial&appid=b7f5676635f18ef33d91fd505a223312&q=bredasdorp,za"
331,tosya,tr,33.702750994473064,40.629745878234104,29.5,81,0,1.25,"http://api.openweathermap.org/data/2.5/weather?units=Imperial&appid=b7f5676635f18ef33d91fd505a223312&q=tosya,tr"
332,kapaa,us,-177.31955344039642,15.93060484468063,81.25,74,75,20.8,"http://api.openweathermap.org/data/2.5/weather?units=Imperial&appid=b7f5676635f18ef33d91fd505a223312&q=kapaa,us"
333,rikitea,pf,-114.52453708360159,-17.514973229147998,76.3,100,56,9.75,"http://api.openweathermap.org/data/2.5/weather?units=Imperial&appid=b7f5676635f18ef33d91fd505a223312&q=rikitea,pf"
334,skovorodino,ru,124.04152195243915,53.13691139570935,25.99,33,0,10.31,"http://api.openweathermap.org/data/2.5/weather?units=Imperial&appid=b7f5676635f18ef33d91fd505a223312&q=skovorodino,ru"
335,geraldton,au,98.36119094167947,-31.231527141528233,69.8,77,20,10.29,"http://api.openweathermap.org/data/2.5/weather?units=Imperial&appid=b7f5676635f18ef33d91fd505a223312&q=geraldton,au"
336,visby,se,18.038916095709567,57.1308780214475,35.6,100,20,8.05,"http://api.openweathermap.org/data/2.5/weather?units=Imperial&appid=b7f5676635f18ef33d91fd505a223312&q=visby,se"
337,mangrol,in,66.8904211176314,17.96269730966671,81.97,22,0,5.95,"http://api.openweathermap.org/data/2.5/weather?units=Imperial&appid=b7f5676635f18ef33d91fd505a223312&q=mangrol,in"
338,albany,au,116.11316036400507,-59.47730783028232,68.38,72,0,9.98,"http://api.openweathermap.org/data/2.5/weather?units=Imperial&appid=b7f5676635f18ef33d91fd505a223312&q=albany,au"
339,remedios,cu,-79.60875473580656,22.59638911741102,77,73,75,5.82,"http://api.openweathermap.org/data/2.5/weather?units=Imperial&appid=b7f5676635f18ef33d91fd505a223312&q=remedios,cu"
340,vaini,to,-179.74215558865694,-68.09668099490224,86,74,40,24.16,"http://api.openweathermap.org/data/2.5/weather?units=Imperial&appid=b7f5676635f18ef33d91fd505a223312&q=vaini,to"
341,avarua,ck,-165.92173991496622,-37.79942166223088,77,100,75,10.29,"http://api.openweathermap.org/data/2.5/weather?units=Imperial&appid=b7f5676635f18ef33d91fd505a223312&q=avarua,ck"
342,taolanaro,mg,63.902976352832184,-69.05316542500469,No Data Avaiable,No Data Avaiable,No Data Avaiable,No Data Avaiable,No Data Avaiable
343,mataura,pf,-143.4207210260543,-31.007787417168785,No Data Avaiable,No Data Avaiable,No Data Avaiable,No Data Avaiable,No Data Avaiable
344,coos bay,us,-126.61408509312244,42.41395426689297,53.6,66,75,3.36,"http://api.openweathermap.org/data/2.5/weather?units=Imperial&appid=b7f5676635f18ef33d91fd505a223312&q=coos bay,us"
345,ulaangom,mn,91.31790218320975,50.334307920843514,15.64,57,0,1.92,"http://api.openweathermap.org/data/2.5/weather?units=Imperial&appid=b7f5676635f18ef33d91fd505a223312&q=ulaangom,mn"
346,bambous virieux,mu,81.87433034489226,-40.296906957096084,71.6,100,75,13.22,"http://api.openweathermap.org/data/2.5/weather?units=Imperial&appid=b7f5676635f18ef33d91fd505a223312&q=bambous virieux,mu"
347,busselton,au,78.43954351096295,-73.21372383937586,68.2,100,0,11.43,"http://api.openweathermap.org/data/2.5/weather?units=Imperial&appid=b7f5676635f18ef33d91fd505a223312&q=busselton,au"
348,muros,es,-11.072837413804166,41.89645637513024,42.8,100,40,8.05,"http://api.openweathermap.org/data/2.5/weather?units=Imperial&appid=b7f5676635f18ef33d91fd505a223312&q=muros,es"
349,sentyabrskiy,ru,152.8147869538746,38.27454950720809,No Data Avaiable,No Data Avaiable,No Data Avaiable,No Data Avaiable,No Data Avaiable
350,puerto ayora,ec,-95.49067348882006,-4.9459943591459705,76.48,99,0,6.29,"http://api.openweathermap.org/data/2.5/weather?units=Imperial&appid=b7f5676635f18ef33d91fd505a223312&q=puerto ayora,ec"
351,rikitea,pf,-124.17297892829599,-25.718393959594763,76.3,100,56,9.75,"http://api.openweathermap.org/data/2.5/weather?units=Imperial&appid=b7f5676635f18ef33d91fd505a223312&q=rikitea,pf"
352,srednekolymsk,ru,154.0273045078768,65.21347660017244,44.53,64,0,3.27,"http://api.openweathermap.org/data/2.5/weather?units=Imperial&appid=b7f5676635f18ef33d91fd505a223312&q=srednekolymsk,ru"
353,pevek,ru,169.28487226224672,78.22370848134932,27.88,87,0,7.63,"http://api.openweathermap.org/data/2.5/weather?units=Imperial&appid=b7f5676635f18ef33d91fd505a223312&q=pevek,ru"
354,thompson,ca,-97.02493115973928,74.1931782780687,12.2,56,75,6.93,"http://api.openweathermap.org/data/2.5/weather?units=Imperial&appid=b7f5676635f18ef33d91fd505a223312&q=thompson,ca"
355,saint-philippe,re,75.68257459250606,-61.90016818319957,76.05,78,68,10.29,"http://api.openweathermap.org/data/2.5/weather?units=Imperial&appid=b7f5676635f18ef33d91fd505a223312&q=saint-philippe,re"
356,udachnyy,ru,113.95413184835888,66.89139010356286,19.96,68,0,4.27,"http://api.openweathermap.org/data/2.5/weather?units=Imperial&appid=b7f5676635f18ef33d91fd505a223312&q=udachnyy,ru"
357,kyren,ru,101.8940586692924,50.56327956423175,12.13,63,48,2.26,"http://api.openweathermap.org/data/2.5/weather?units=Imperial&appid=b7f5676635f18ef33d91fd505a223312&q=kyren,ru"
358,sorong,id,131.09436973830964,1.4479449169441807,84.13,100,36,5.61,"http://api.openweathermap.org/data/2.5/weather?units=Imperial&appid=b7f5676635f18ef33d91fd505a223312&q=sorong,id"
359,narsaq,gl,-64.0210560112416,83.22256654633674,35.6,29,56,14.99,"http://api.openweathermap.org/data/2.5/weather?units=Imperial&appid=b7f5676635f18ef33d91fd505a223312&q=narsaq,gl"
360,jamestown,sh,-6.52506824694359,-10.698898760656505,73.78,100,88,10.2,"http://api.openweathermap.org/data/2.5/weather?units=Imperial&appid=b7f5676635f18ef33d91fd505a223312&q=jamestown,sh"
361,kongolo,cd,27.509461713823725,-4.929203278265291,70.9,89,76,2.71,"http://api.openweathermap.org/data/2.5/weather?units=Imperial&appid=b7f5676635f18ef33d91fd505a223312&q=kongolo,cd"
362,lorengau,pg,150.246279472244,7.431250747550266,83.23,99,48,11.65,"http://api.openweathermap.org/data/2.5/weather?units=Imperial&appid=b7f5676635f18ef33d91fd505a223312&q=lorengau,pg"
363,vaini,to,-173.39688234014378,-82.8545105890101,86,74,40,24.16,"http://api.openweathermap.org/data/2.5/weather?units=Imperial&appid=b7f5676635f18ef33d91fd505a223312&q=vaini,to"
364,rikitea,pf,-116.19426023279573,-39.50244049485964,76.3,100,56,9.75,"http://api.openweathermap.org/data/2.5/weather?units=Imperial&appid=b7f5676635f18ef33d91fd505a223312&q=rikitea,pf"
365,mana,gf,-53.02234753181884,8.075855348787783,76.21,91,80,3.04,"http://api.openweathermap.org/data/2.5/weather?units=Imperial&appid=b7f5676635f18ef33d91fd505a223312&q=mana,gf"
366,dikson,ru,87.40854026868465,82.04355977140645,-7.86,95,0,19.26,"http://api.openweathermap.org/data/2.5/weather?units=Imperial&appid=b7f5676635f18ef33d91fd505a223312&q=dikson,ru"
367,mataura,pf,-154.44559882958825,-64.25707053588106,No Data Avaiable,No Data Avaiable,No Data Avaiable,No Data Avaiable,No Data Avaiable
368,samarai,pg,152.74172889617478,-11.160162685211219,82.24,100,56,14.79,"http://api.openweathermap.org/data/2.5/weather?units=Imperial&appid=b7f5676635f18ef33d91fd505a223312&q=samarai,pg"
369,busselton,au,105.56161105288231,-50.52246712136707,68.2,100,0,11.43,"http://api.openweathermap.org/data/2.5/weather?units=Imperial&appid=b7f5676635f18ef33d91fd505a223312&q=busselton,au"
370,attawapiskat,ca,-86.4667734506227,54.06395570215315,No Data Avaiable,No Data Avaiable,No Data Avaiable,No Data Avaiable,No Data Avaiable
371,stafford,gb,-2.203206548477084,52.80553168292187,38.75,80,75,18.34,"http://api.openweathermap.org/data/2.5/weather?units=Imperial&appid=b7f5676635f18ef33d91fd505a223312&q=stafford,gb"
372,flinders,au,132.92318621885016,-32.960394503126686,78.8,54,0,8.05,"http://api.openweathermap.org/data/2.5/weather?units=Imperial&appid=b7f5676635f18ef33d91fd505a223312&q=flinders,au"
373,amderma,ru,57.45110804530978,71.92841707780738,No Data Avaiable,No Data Avaiable,No Data Avaiable,No Data Avaiable,No Data Avaiable
374,cartagena,co,-76.26393260993633,11.43901939325896,69.01,95,64,1.92,"http://api.openweathermap.org/data/2.5/weather?units=Imperial&appid=b7f5676635f18ef33d91fd505a223312&q=cartagena,co"
375,provideniya,ru,-171.11430917741882,61.01145077227389,21.2,57,0,20.13,"http://api.openweathermap.org/data/2.5/weather?units=Imperial&appid=b7f5676635f18ef33d91fd505a223312&q=provideniya,ru"
376,hilo,us,-148.2029699814426,29.284851376240425,80.6,74,90,6.93,"http://api.openweathermap.org/data/2.5/weather?units=Imperial&appid=b7f5676635f18ef33d91fd505a223312&q=hilo,us"
377,qaqortoq,gl,-46.78228826392365,59.81882874361679,35.6,29,68,14.99,"http://api.openweathermap.org/data/2.5/weather?units=Imperial&appid=b7f5676635f18ef33d91fd505a223312&q=qaqortoq,gl"
378,rikitea,pf,-139.16311397286597,-78.64894509745432,76.3,100,56,9.75,"http://api.openweathermap.org/data/2.5/weather?units=Imperial&appid=b7f5676635f18ef33d91fd505a223312&q=rikitea,pf"
379,codrington,ag,-58.374201069241906,25.711129638049343,No Data Avaiable,No Data Avaiable,No Data Avaiable,No Data Avaiable,No Data Avaiable
380,castro,cl,-93.7386275981534,-45.69984957262132,48.85,85,92,13.67,"http://api.openweathermap.org/data/2.5/weather?units=Imperial&appid=b7f5676635f18ef33d91fd505a223312&q=castro,cl"
381,auki,sb,163.80024996743435,-6.267523958891687,80.89,100,92,7.18,"http://api.openweathermap.org/data/2.5/weather?units=Imperial&appid=b7f5676635f18ef33d91fd505a223312&q=auki,sb"
382,vila velha,br,-22.567931199089827,-29.991052570916118,80.6,83,0,4.7,"http://api.openweathermap.org/data/2.5/weather?units=Imperial&appid=b7f5676635f18ef33d91fd505a223312&q=vila velha,br"
383,chuy,uy,-21.85458613476729,-65.45238176441919,62.26,94,0,6.96,"http://api.openweathermap.org/data/2.5/weather?units=Imperial&appid=b7f5676635f18ef33d91fd505a223312&q=chuy,uy"
384,mataura,pf,-150.34952992946717,-37.42173983412441,No Data Avaiable,No Data Avaiable,No Data Avaiable,No Data Avaiable,No Data Avaiable
385,bambous virieux,mu,80.60968199706974,-39.209330509029115,71.6,100,75,13.22,"http://api.openweathermap.org/data/2.5/weather?units=Imperial&appid=b7f5676635f18ef33d91fd505a223312&q=bambous virieux,mu"
386,port hardy,ca,-134.63998105860497,47.51990784608873,46.4,70,90,21.92,"http://api.openweathermap.org/data/2.5/weather?units=Imperial&appid=b7f5676635f18ef33d91fd505a223312&q=port hardy,ca"
387,vaini,to,-179.7621917783456,-39.571013096786004,86,74,40,24.16,"http://api.openweathermap.org/data/2.5/weather?units=Imperial&appid=b7f5676635f18ef33d91fd505a223312&q=vaini,to"
388,jawhar,so,45.67643156006511,2.733152981730882,68.29,92,36,3.15,"http://api.openweathermap.org/data/2.5/weather?units=Imperial&appid=b7f5676635f18ef33d91fd505a223312&q=jawhar,so"
389,kodiak,us,-145.86188618987856,49.319301760533364,37.4,51,1,5.82,"http://api.openweathermap.org/data/2.5/weather?units=Imperial&appid=b7f5676635f18ef33d91fd505a223312&q=kodiak,us"
390,rio gallegos,ar,-69.49862365098019,-49.022099694261314,39.2,93,90,17.22,"http://api.openweathermap.org/data/2.5/weather?units=Imperial&appid=b7f5676635f18ef33d91fd505a223312&q=rio gallegos,ar"
391,semey,kz,78.48259171242046,49.35910253531662,29.41,68,0,6.17,"http://api.openweathermap.org/data/2.5/weather?units=Imperial&appid=b7f5676635f18ef33d91fd505a223312&q=semey,kz"
392,cabo rojo,us,-67.71328330276549,16.745500286323377,No Data Avaiable,No Data Avaiable,No Data Avaiable,No Data Avaiable,No Data Avaiable
393,sao filipe,cv,-30.331382877009048,6.983070341686741,69.73,100,8,12.44,"http://api.openweathermap.org/data/2.5/weather?units=Imperial&appid=b7f5676635f18ef33d91fd505a223312&q=sao filipe,cv"
394,te anau,nz,162.21801609812843,-39.663572606984474,55.6,68,0,14.67,"http://api.openweathermap.org/data/2.5/weather?units=Imperial&appid=b7f5676635f18ef33d91fd505a223312&q=te anau,nz"
395,ushuaia,ar,-32.05531300974826,-87.53386848629698,41,86,40,3.36,"http://api.openweathermap.org/data/2.5/weather?units=Imperial&appid=b7f5676635f18ef33d91fd505a223312&q=ushuaia,ar"
396,nikolskoye,ru,166.90294862404141,52.65407233606729,39.2,86,90,8.95,"http://api.openweathermap.org/data/2.5/weather?units=Imperial&appid=b7f5676635f18ef33d91fd505a223312&q=nikolskoye,ru"
397,busselton,au,93.77033878987532,-62.817536141519255,68.2,100,0,11.43,"http://api.openweathermap.org/data/2.5/weather?units=Imperial&appid=b7f5676635f18ef33d91fd505a223312&q=busselton,au"
398,punta arenas,cl,-99.6711757676408,-68.12614370964889,35.6,93,90,19.46,"http://api.openweathermap.org/data/2.5/weather?units=Imperial&appid=b7f5676635f18ef33d91fd505a223312&q=punta arenas,cl"
399,punta arenas,cl,-107.00179400485246,-60.819751657858234,35.6,93,90,19.46,"http://api.openweathermap.org/data/2.5/weather?units=Imperial&appid=b7f5676635f18ef33d91fd505a223312&q=punta arenas,cl"
400,katsiveli,ua,33.87702389276052,44.24398449410705,No Data Avaiable,No Data Avaiable,No Data Avaiable,No Data Avaiable,No Data Avaiable
401,bluff,nz,156.5886941384881,-69.1778815499504,60.01,89,68,30.11,"http://api.openweathermap.org/data/2.5/weather?units=Imperial&appid=b7f5676635f18ef33d91fd505a223312&q=bluff,nz"
402,mataura,pf,-147.05784017095473,-51.141049188650456,No Data Avaiable,No Data Avaiable,No Data Avaiable,No Data Avaiable,No Data Avaiable
403,san patricio,mx,-109.90191130452257,7.726682081181394,77,65,5,11.41,"http://api.openweathermap.org/data/2.5/weather?units=Imperial&appid=b7f5676635f18ef33d91fd505a223312&q=san patricio,mx"
404,hithadhoo,mv,84.93631514847374,-11.377463865685456,84.13,100,100,6.73,"http://api.openweathermap.org/data/2.5/weather?units=Imperial&appid=b7f5676635f18ef33d91fd505a223312&q=hithadhoo,mv"
405,gazanjyk,tm,55.864299642428136,39.96577301485729,46.33,83,92,7.96,"http://api.openweathermap.org/data/2.5/weather?units=Imperial&appid=b7f5676635f18ef33d91fd505a223312&q=gazanjyk,tm"
406,minna,ng,6.522522613407546,9.126959716460803,76.66,72,24,7.18,"http://api.openweathermap.org/data/2.5/weather?units=Imperial&appid=b7f5676635f18ef33d91fd505a223312&q=minna,ng"
407,vaini,to,-179.489427935766,-31.312571190625974,86,74,40,24.16,"http://api.openweathermap.org/data/2.5/weather?units=Imperial&appid=b7f5676635f18ef33d91fd505a223312&q=vaini,to"
408,bredasdorp,za,20.326013475845713,-43.51689629751108,60.8,93,20,4.7,"http://api.openweathermap.org/data/2.5/weather?units=Imperial&appid=b7f5676635f18ef33d91fd505a223312&q=bredasdorp,za"
409,puerto ayora,ec,-107.18041397046095,-14.272908354016323,76.48,99,0,6.29,"http://api.openweathermap.org/data/2.5/weather?units=Imperial&appid=b7f5676635f18ef33d91fd505a223312&q=puerto ayora,ec"
410,tuktoyaktuk,ca,-138.84515982909124,78.01133019343152,-0.77,84,90,4.7,"http://api.openweathermap.org/data/2.5/weather?units=Imperial&appid=b7f5676635f18ef33d91fd505a223312&q=tuktoyaktuk,ca"
411,vaini,to,-171.16558361008364,-47.62490559230743,86,74,40,24.16,"http://api.openweathermap.org/data/2.5/weather?units=Imperial&appid=b7f5676635f18ef33d91fd505a223312&q=vaini,to"
412,boende,cd,20.713916629610168,-1.3702501499338524,71.26,97,76,2.15,"http://api.openweathermap.org/data/2.5/weather?units=Imperial&appid=b7f5676635f18ef33d91fd505a223312&q=boende,cd"
413,ushuaia,ar,-50.16672250856132,-62.69118588669219,41,86,40,3.36,"http://api.openweathermap.org/data/2.5/weather?units=Imperial&appid=b7f5676635f18ef33d91fd505a223312&q=ushuaia,ar"
414,ponta do sol,cv,-32.33151605073465,18.13839545334737,68.2,100,8,15.01,"http://api.openweathermap.org/data/2.5/weather?units=Imperial&appid=b7f5676635f18ef33d91fd505a223312&q=ponta do sol,cv"
415,illoqqortoormiut,gl,-20.889909244575676,82.26343370218595,No Data Avaiable,No Data Avaiable,No Data Avaiable,No Data Avaiable,No Data Avaiable
416,mar del plata,ar,-48.660700256362105,-54.753149568388736,49.66,62,0,30.78,"http://api.openweathermap.org/data/2.5/weather?units=Imperial&appid=b7f5676635f18ef33d91fd505a223312&q=mar del plata,ar"
417,ribeira grande,pt,-32.46945909669495,41.645502209180876,59.83,100,68,31.56,"http://api.openweathermap.org/data/2.5/weather?units=Imperial&appid=b7f5676635f18ef33d91fd505a223312&q=ribeira grande,pt"
418,albany,au,119.24432303006057,-68.833507460865,68.38,72,0,9.98,"http://api.openweathermap.org/data/2.5/weather?units=Imperial&appid=b7f5676635f18ef33d91fd505a223312&q=albany,au"
419,taolanaro,mg,69.06939708279066,-81.27378986729995,No Data Avaiable,No Data Avaiable,No Data Avaiable,No Data Avaiable,No Data Avaiable
420,cherskiy,ru,158.9941965807277,70.14361556519384,34.63,76,0,2.48,"http://api.openweathermap.org/data/2.5/weather?units=Imperial&appid=b7f5676635f18ef33d91fd505a223312&q=cherskiy,ru"
421,bluff,nz,167.29160356220342,-69.59277159875751,60.01,89,68,30.11,"http://api.openweathermap.org/data/2.5/weather?units=Imperial&appid=b7f5676635f18ef33d91fd505a223312&q=bluff,nz"
422,pangody,ru,74.29397358600542,67.01763150349734,28.6,94,92,17.13,"http://api.openweathermap.org/data/2.5/weather?units=Imperial&appid=b7f5676635f18ef33d91fd505a223312&q=pangody,ru"
423,grand forks,ca,-118.26214407640478,48.62632943477945,50,37,90,4.7,"http://api.openweathermap.org/data/2.5/weather?units=Imperial&appid=b7f5676635f18ef33d91fd505a223312&q=grand forks,ca"
424,arraial do cabo,br,-24.76085669974671,-50.43626656834234,75.58,97,88,4.16,"http://api.openweathermap.org/data/2.5/weather?units=Imperial&appid=b7f5676635f18ef33d91fd505a223312&q=arraial do cabo,br"
425,springbok,za,15.598951563677275,-31.369100221474767,51.28,83,0,2.59,"http://api.openweathermap.org/data/2.5/weather?units=Imperial&appid=b7f5676635f18ef33d91fd505a223312&q=springbok,za"
426,mataura,pf,-160.63091001261793,-53.70937212004408,No Data Avaiable,No Data Avaiable,No Data Avaiable,No Data Avaiable,No Data Avaiable
427,najran,sa,46.89460857249199,18.204151595484063,71.6,24,0,4.16,"http://api.openweathermap.org/data/2.5/weather?units=Imperial&appid=b7f5676635f18ef33d91fd505a223312&q=najran,sa"
428,atambua,id,126.38712163905439,-6.752231049214927,83.41,99,0,4.27,"http://api.openweathermap.org/data/2.5/weather?units=Imperial&appid=b7f5676635f18ef33d91fd505a223312&q=atambua,id"
429,samusu,ws,-163.48004550292376,-13.97486187264306,No Data Avaiable,No Data Avaiable,No Data Avaiable,No Data Avaiable,No Data Avaiable
430,honningsvag,no,25.608911279993208,75.44809986704314,26.53,100,64,9.64,"http://api.openweathermap.org/data/2.5/weather?units=Imperial&appid=b7f5676635f18ef33d91fd505a223312&q=honningsvag,no"
431,chokurdakh,ru,143.80169616823378,84.33442007630777,19.06,98,36,7.4,"http://api.openweathermap.org/data/2.5/weather?units=Imperial&appid=b7f5676635f18ef33d91fd505a223312&q=chokurdakh,ru"
432,cheuskiny,ru,71.01141800848836,62.575611534603894,No Data Avaiable,No Data Avaiable,No Data Avaiable,No Data Avaiable,No Data Avaiable
433,bluff,nz,160.5843809157127,-62.26293185003072,60.01,89,68,30.11,"http://api.openweathermap.org/data/2.5/weather?units=Imperial&appid=b7f5676635f18ef33d91fd505a223312&q=bluff,nz"
434,bengkulu,id,90.98927523742367,-10.6028852574252,No Data Avaiable,No Data Avaiable,No Data Avaiable,No Data Avaiable,No Data Avaiable
435,quimper,fr,-4.668784128723843,47.20779169167412,42.82,80,0,4.7,"http://api.openweathermap.org/data/2.5/weather?units=Imperial&appid=b7f5676635f18ef33d91fd505a223312&q=quimper,fr"
436,codrington,ag,-55.62811307138621,23.524161863666663,No Data Avaiable,No Data Avaiable,No Data Avaiable,No Data Avaiable,No Data Avaiable
437,ovsyanka,ru,126.8638457225494,53.80455393658809,28.78,30,8,9.98,"http://api.openweathermap.org/data/2.5/weather?units=Imperial&appid=b7f5676635f18ef33d91fd505a223312&q=ovsyanka,ru"
438,mataura,pf,-150.12915098171138,-37.8772285483554,No Data Avaiable,No Data Avaiable,No Data Avaiable,No Data Avaiable,No Data Avaiable
439,ushuaia,ar,-46.79207206603462,-82.37315553928818,41,86,40,3.36,"http://api.openweathermap.org/data/2.5/weather?units=Imperial&appid=b7f5676635f18ef33d91fd505a223312&q=ushuaia,ar"
440,hilo,us,-151.178918662056,13.227354406727414,80.6,74,90,6.93,"http://api.openweathermap.org/data/2.5/weather?units=Imperial&appid=b7f5676635f18ef33d91fd505a223312&q=hilo,us"
441,vestmannaeyjar,is,-20.537095322466172,56.46685496039947,29.05,100,0,15.01,"http://api.openweathermap.org/data/2.5/weather?units=Imperial&appid=b7f5676635f18ef33d91fd505a223312&q=vestmannaeyjar,is"
442,belushya guba,ru,53.26614373063015,82.20358047599734,No Data Avaiable,No Data Avaiable,No Data Avaiable,No Data Avaiable,No Data Avaiable
443,scottsbluff,us,-103.12192625010384,41.43462756442938,52.59,34,90,4.7,"http://api.openweathermap.org/data/2.5/weather?units=Imperial&appid=b7f5676635f18ef33d91fd505a223312&q=scottsbluff,us"
444,baragua,cu,-78.4950671287837,21.72690957969742,76.3,84,36,1.36,"http://api.openweathermap.org/data/2.5/weather?units=Imperial&appid=b7f5676635f18ef33d91fd505a223312&q=baragua,cu"
445,saleaula,ws,-171.42306344990283,-4.638886640015656,No Data Avaiable,No Data Avaiable,No Data Avaiable,No Data Avaiable,No Data Avaiable
446,tres lagoas,br,-51.84272622869557,-20.39221655593954,No Data Avaiable,No Data Avaiable,No Data Avaiable,No Data Avaiable,No Data Avaiable
447,jamestown,sh,-14.490212668187695,-50.97725661515165,73.78,100,88,10.2,"http://api.openweathermap.org/data/2.5/weather?units=Imperial&appid=b7f5676635f18ef33d91fd505a223312&q=jamestown,sh"
448,muscat,om,59.031783134550324,24.516088500100864,89.6,25,0,9.17,"http://api.openweathermap.org/data/2.5/weather?units=Imperial&appid=b7f5676635f18ef33d91fd505a223312&q=muscat,om"
449,port alfred,za,50.05477819066013,-73.40920713758669,69.28,98,92,6.4,"http://api.openweathermap.org/data/2.5/weather?units=Imperial&appid=b7f5676635f18ef33d91fd505a223312&q=port alfred,za"
450,bethel,us,-169.94427325642854,50.016370181001605,21.2,67,20,21.92,"http://api.openweathermap.org/data/2.5/weather?units=Imperial&appid=b7f5676635f18ef33d91fd505a223312&q=bethel,us"
451,vaini,to,-173.81868318410628,-62.95562681583566,86,74,40,24.16,"http://api.openweathermap.org/data/2.5/weather?units=Imperial&appid=b7f5676635f18ef33d91fd505a223312&q=vaini,to"
452,yeppoon,au,150.42960188082031,-22.857619604071232,80.6,61,75,19.46,"http://api.openweathermap.org/data/2.5/weather?units=Imperial&appid=b7f5676635f18ef33d91fd505a223312&q=yeppoon,au"
453,san patricio,mx,-107.909390507286,13.531784810238065,77,65,5,11.41,"http://api.openweathermap.org/data/2.5/weather?units=Imperial&appid=b7f5676635f18ef33d91fd505a223312&q=san patricio,mx"
454,pringsewu,id,102.96077451377028,-6.715187671617073,81.25,92,56,2.71,"http://api.openweathermap.org/data/2.5/weather?units=Imperial&appid=b7f5676635f18ef33d91fd505a223312&q=pringsewu,id"
455,butaritari,ki,173.92466548553074,25.13445149905212,77.38,100,88,2.93,"http://api.openweathermap.org/data/2.5/weather?units=Imperial&appid=b7f5676635f18ef33d91fd505a223312&q=butaritari,ki"
456,punta arenas,cl,-90.93011036762489,-78.0849644313654,35.6,93,90,19.46,"http://api.openweathermap.org/data/2.5/weather?units=Imperial&appid=b7f5676635f18ef33d91fd505a223312&q=punta arenas,cl"
457,lenki,ru,80.22495901633323,52.97597706009705,No Data Avaiable,No Data Avaiable,No Data Avaiable,No Data Avaiable,No Data Avaiable
458,severo-kurilsk,ru,169.65710662776974,32.50893723000746,30.49,95,48,7.74,"http://api.openweathermap.org/data/2.5/weather?units=Imperial&appid=b7f5676635f18ef33d91fd505a223312&q=severo-kurilsk,ru"
459,swinoujscie,pl,14.360943702576861,54.28575207573712,51.8,87,20,8.05,"http://api.openweathermap.org/data/2.5/weather?units=Imperial&appid=b7f5676635f18ef33d91fd505a223312&q=swinoujscie,pl"
460,new norfolk,au,134.0248265717981,-60.79439942455498,64.4,48,75,17.22,"http://api.openweathermap.org/data/2.5/weather?units=Imperial&appid=b7f5676635f18ef33d91fd505a223312&q=new norfolk,au"
461,sola,vu,166.75053931016834,-12.414130744412773,82.06,99,68,17.25,"http://api.openweathermap.org/data/2.5/weather?units=Imperial&appid=b7f5676635f18ef33d91fd505a223312&q=sola,vu"
462,vaini,to,-173.88155684143447,-22.78579423178347,86,74,40,24.16,"http://api.openweathermap.org/data/2.5/weather?units=Imperial&appid=b7f5676635f18ef33d91fd505a223312&q=vaini,to"
463,zhigansk,ru,122.70880754068622,65.968510682366,12.4,62,44,9.19,"http://api.openweathermap.org/data/2.5/weather?units=Imperial&appid=b7f5676635f18ef33d91fd505a223312&q=zhigansk,ru"
464,jamestown,sh,-16.00704874370666,-49.347019550485115,73.78,100,88,10.2,"http://api.openweathermap.org/data/2.5/weather?units=Imperial&appid=b7f5676635f18ef33d91fd505a223312&q=jamestown,sh"
465,barrow,us,-161.71916515000134,73.45305338249375,34.66,68,1,4.7,"http://api.openweathermap.org/data/2.5/weather?units=Imperial&appid=b7f5676635f18ef33d91fd505a223312&q=barrow,us"
466,hobart,au,149.60058779300238,-65.78664383546631,64.4,48,75,17.22,"http://api.openweathermap.org/data/2.5/weather?units=Imperial&appid=b7f5676635f18ef33d91fd505a223312&q=hobart,au"
467,burgeo,ca,-58.27580084968169,47.09981819371367,35.89,89,92,28.21,"http://api.openweathermap.org/data/2.5/weather?units=Imperial&appid=b7f5676635f18ef33d91fd505a223312&q=burgeo,ca"
468,tarakan,id,119.37451212093049,1.9203220738506985,85.21,87,12,3.04,"http://api.openweathermap.org/data/2.5/weather?units=Imperial&appid=b7f5676635f18ef33d91fd505a223312&q=tarakan,id"
469,zverinogolovskoye,ru,64.5893922047623,54.219889323659544,26.44,87,8,9.86,"http://api.openweathermap.org/data/2.5/weather?units=Imperial&appid=b7f5676635f18ef33d91fd505a223312&q=zverinogolovskoye,ru"
470,hermanus,za,-4.769366598304714,-88.14189049167778,59.38,100,64,2.82,"http://api.openweathermap.org/data/2.5/weather?units=Imperial&appid=b7f5676635f18ef33d91fd505a223312&q=hermanus,za"
471,hermanus,za,13.493535154812463,-46.58547786796321,59.38,100,64,2.82,"http://api.openweathermap.org/data/2.5/weather?units=Imperial&appid=b7f5676635f18ef33d91fd505a223312&q=hermanus,za"
472,longyearbyen,sj,16.66181142743588,82.90482724351088,5,54,20,17.22,"http://api.openweathermap.org/data/2.5/weather?units=Imperial&appid=b7f5676635f18ef33d91fd505a223312&q=longyearbyen,sj"
473,clyde river,ca,-82.79050765805552,71.00155949207291,1.4,77,1,17.22,"http://api.openweathermap.org/data/2.5/weather?units=Imperial&appid=b7f5676635f18ef33d91fd505a223312&q=clyde river,ca"
474,yellowknife,ca,-113.46733121000045,83.55275424094455,14,43,20,14.99,"http://api.openweathermap.org/data/2.5/weather?units=Imperial&appid=b7f5676635f18ef33d91fd505a223312&q=yellowknife,ca"
475,antofagasta,cl,-71.25978131135889,-23.90318887161611,62.6,77,0,8.05,"http://api.openweathermap.org/data/2.5/weather?units=Imperial&appid=b7f5676635f18ef33d91fd505a223312&q=antofagasta,cl"
476,camabatela,ao,15.484940733866779,-9.109627106240026,65.41,96,88,3.15,"http://api.openweathermap.org/data/2.5/weather?units=Imperial&appid=b7f5676635f18ef33d91fd505a223312&q=camabatela,ao"
477,rikitea,pf,-139.54460782318392,-38.42443069230271,76.3,100,56,9.75,"http://api.openweathermap.org/data/2.5/weather?units=Imperial&appid=b7f5676635f18ef33d91fd505a223312&q=rikitea,pf"
478,nikolskoye,ru,175.5758015071791,34.52473517449005,39.2,86,90,8.95,"http://api.openweathermap.org/data/2.5/weather?units=Imperial&appid=b7f5676635f18ef33d91fd505a223312&q=nikolskoye,ru"
479,kosh-agach,ru,89.32171420199734,50.05093487430557,15.73,37,0,2.93,"http://api.openweathermap.org/data/2.5/weather?units=Imperial&appid=b7f5676635f18ef33d91fd505a223312&q=kosh-agach,ru"
480,padang,id,95.75469080579444,-3.822764624133484,82.6,100,44,3.15,"http://api.openweathermap.org/data/2.5/weather?units=Imperial&appid=b7f5676635f18ef33d91fd505a223312&q=padang,id"
481,puerto ayora,ec,-114.7454456278872,-4.226790462071747,76.48,99,0,6.29,"http://api.openweathermap.org/data/2.5/weather?units=Imperial&appid=b7f5676635f18ef33d91fd505a223312&q=puerto ayora,ec"
482,houma,us,-91.18615028596184,26.876226250782793,62.87,58,1,4.7,"http://api.openweathermap.org/data/2.5/weather?units=Imperial&appid=b7f5676635f18ef33d91fd505a223312&q=houma,us"
483,husavik,is,-12.771896311803062,73.3966487194962,28.4,86,90,8.05,"http://api.openweathermap.org/data/2.5/weather?units=Imperial&appid=b7f5676635f18ef33d91fd505a223312&q=husavik,is"
484,rikitea,pf,-115.77594513603903,-36.798731537168486,76.3,100,56,9.75,"http://api.openweathermap.org/data/2.5/weather?units=Imperial&appid=b7f5676635f18ef33d91fd505a223312&q=rikitea,pf"
485,vestmanna,fo,-9.606343803312171,67.24492955551,33.8,55,64,14.99,"http://api.openweathermap.org/data/2.5/weather?units=Imperial&appid=b7f5676635f18ef33d91fd505a223312&q=vestmanna,fo"
486,punta arenas,cl,-82.09158633269327,-64.95490183129479,35.6,93,90,19.46,"http://api.openweathermap.org/data/2.5/weather?units=Imperial&appid=b7f5676635f18ef33d91fd505a223312&q=punta arenas,cl"
487,skibbereen,ie,-8.97304615089422,50.48794794953088,33.8,74,0,5.82,"http://api.openweathermap.org/data/2.5/weather?units=Imperial&appid=b7f5676635f18ef33d91fd505a223312&q=skibbereen,ie"
488,jackson,us,-109.89532685787653,43.12950003214624,42.8,56,1,6.93,"http://api.openweathermap.org/data/2.5/weather?units=Imperial&appid=b7f5676635f18ef33d91fd505a223312&q=jackson,us"
489,busselton,au,113.42989304889107,-32.97099275383818,68.2,100,0,11.43,"http://api.openweathermap.org/data/2.5/weather?units=Imperial&appid=b7f5676635f18ef33d91fd505a223312&q=busselton,au"
490,cockburn town,tc,-68.49250771262193,22.169231207094498,75.94,100,92,10.76,"http://api.openweathermap.org/data/2.5/weather?units=Imperial&appid=b7f5676635f18ef33d91fd505a223312&q=cockburn town,tc"
491,jamestown,sh,-2.688458282565449,-18.39721796062679,73.78,100,88,10.2,"http://api.openweathermap.org/data/2.5/weather?units=Imperial&appid=b7f5676635f18ef33d91fd505a223312&q=jamestown,sh"
492,odweyne,so,45.49944803229633,8.522268474396668,No Data Avaiable,No Data Avaiable,No Data Avaiable,No Data Avaiable,No Data Avaiable
493,busselton,au,90.81784054627065,-78.94092402945302,68.2,100,0,11.43,"http://api.openweathermap.org/data/2.5/weather?units=Imperial&appid=b7f5676635f18ef33d91fd505a223312&q=busselton,au"
494,san patricio,mx,-115.12338076149813,6.587293927320005,77,65,5,11.41,"http://api.openweathermap.org/data/2.5/weather?units=Imperial&appid=b7f5676635f18ef33d91fd505a223312&q=san patricio,mx"
495,fortuna,us,-132.5864593476985,35.25366645192007,58.14,58,1,3.6,"http://api.openweathermap.org/data/2.5/weather?units=Imperial&appid=b7f5676635f18ef33d91fd505a223312&q=fortuna,us"
496,cape town,za,-1.8832820450458314,-48.71741201410585,60.8,93,75,9.17,"http://api.openweathermap.org/data/2.5/weather?units=Imperial&appid=b7f5676635f18ef33d91fd505a223312&q=cape town,za"
497,dingli,mt,14.00210653124023,35.207444227251116,59,100,75,12.75,"http://api.openweathermap.org/data/2.5/weather?units=Imperial&appid=b7f5676635f18ef33d91fd505a223312&q=dingli,mt"
498,yatou,cn,122.93583305324637,36.02516340163652,36.97,79,44,2.15,"http://api.openweathermap.org/data/2.5/weather?units=Imperial&appid=b7f5676635f18ef33d91fd505a223312&q=yatou,cn"
499,bouna,ci,-3.4015064130553867,9.253811256105337,70.63,98,92,8.08,"http://api.openweathermap.org/data/2.5/weather?units=Imperial&appid=b7f5676635f18ef33d91fd505a223312&q=bouna,ci"
